surname,name,patronymic,medical speciality,role
Балденкова,Светлана,Ивановна,терапевт,лечащий врач
Паничева,Лариса,Николаевна,хирург,лечащий врач
Цыбарова,София,Михайловна,невролог,врач
Савекова,Клавдия,Кирилловна,психолог,ассистент
Крыльцова,Яна,Романовна,психолог,врач
Гальцын,Дмитрий,Евгеньевич,психолог,медсестра
Пяткина,Анастасия,Романовна,психолог,медсестра
Гюльбандов,Герасим,Петрович,невролог,ассистент
Анякушина,Катерина,Дмитриевна,терапевт,медсестра
Евгенева,Алина,Романовна,хирург,врач
Кутепина,Надежда,Николаевна,психиатор,лечащий врач
Закусов,Леонид,Евгеньевич,без специальности,медсестра
Кужилин,Никита,Сергеевич,хирург,лечащий врач
Онсин,Тарас,Романович,психолог,медсестра
Канцырева,Марина,Федоровна,хирург,медсестра
Гарнев,Игорь,Вадимович,без специальности,медсестра
Бельченков,Артём,Алексиевич,терапевт,ассистент
Шапыров,Василий,Борисович,хирург,медсестра
Артамасова,Валентина,Николаевна,невролог,лечащий врач
Сигейкин,Аркадий,Николаевич,без специальности,медсестра
Евкина,Лиза,Егоровна,психолог,лечащий врач
Титунов,Федор,Алексиевич,хирург,лечащий врач
Рехтин,Вадим,Василиевич,психиатор,лечащий врач
Зиников,Денис,Василиевич,психиатор,лечащий врач
Мохпачева,Виолетта,Аркадьевна,психиатор,ассистент
Гладилов,Михаил,Леонидович,без специальности,ассистент
Соляева,Катерина,Николаевна,без специальности,медсестра
Паздушкина,Алина,Петровна,хирург,медсестра
Калигин,Анатолий,Денисович,хирург,медсестра
Заузолков,Ярослав,Алексиевич,терапевт,врач
Фивоварова,Александра,Петровна,невролог,медсестра
Ушморова,Оксана,Олеговна,терапевт,врач
Ващеникина,Мария,Николаевна,невролог,врач
Барина,Ксения,Василевна,психолог,врач
Кулетнова,Светлана,Викторовна,невролог,лечащий врач
Ладейщиков,Андрей,Алексиевич,хирург,лечащий врач
Бербиков,Павел,Антонович,без специальности,ассистент
Фендрикова,Кира,Эдуардовна,психиатор,медсестра
Клавдинова,Зинаида,Василевна,терапевт,лечащий врач
Чабуркина,Валентина,Максимовна,психиатор,лечащий врач
Мухоморина,Валентина,Леонидовна,терапевт,медсестра
Капесева,Виолетта,Вадимовна,без специальности,врач
Курмеев,Денис,Михаилович,психиатор,медсестра
Душатина,Оксана,Вадимовна,без специальности,лечащий врач
Имакин,Виктор,Аркадиевич,психолог,лечащий врач
Кулянин,Геннадий,Алексиевич,психиатор,врач
Листров,Виктор,Аркадиевич,терапевт,лечащий врач
Дунякова,Дарья,Вадимовна,невролог,медсестра
Уртаев,Илья,Адамович,без специальности,врач
Валиханова,Кира,Вадимовна,без специальности,врач
Вержанский,Николай,Виталиевич,психиатор,медсестра
Фленин,Альберт,Викторович,психиатор,лечащий врач
Олизаров,Герасим,Юрьевич,невролог,медсестра
Старыгина,Карина,Яковлевна,психиатор,врач
Конторов,Никита,Данилович,психиатор,медсестра
Раздрогов,Олег,Виталиевич,невролог,врач
Аханов,Василий,Алексеевич,невролог,врач
Затрова,Людмила,Николаевна,психиатор,лечащий врач
Милотов,Григорий,Василиевич,психиатор,медсестра
Плетенкова,Катерина,Валерьевна,без специальности,лечащий врач
Щекорев,Павел,Виталиевич,невролог,врач
Фарфорина,Клавдия,Сергеевна,терапевт,ассистент
Градников,Максим,Иванович,терапевт,ассистент
Клоченкова,Мария,Валерьевна,психолог,лечащий врач
Круженков,Илья,Михаилович,психиатор,лечащий врач
Виленкин,Пётр,Евгеньевич,невролог,медсестра
Колбасин,Вячеслав,Василиевич,без специальности,медсестра
Серяпин,Аркадий,Валериевич,терапевт,медсестра
Амонаева,Алиса,Михайловна,психолог,лечащий врач
Балиева,Полина,Алексеевна,невролог,лечащий врач
Буригин,Артур,Олегович,без специальности,лечащий врач
Колкасова,Алла,Сергеевна,терапевт,врач
Хаджаев,Валентин,Данилович,терапевт,ассистент
Кебина,Дарья,Василевна,терапевт,врач
Шеянкина,Алина,Дмитриевна,невролог,ассистент
Краснобаев,Павел,Юриевич,психиатор,медсестра
Хваткова,Кристина,Кирилловна,невролог,ассистент
Кблапанов,Михаил,Яковлевич,невролог,лечащий врач
Загребных,Андрей,Борисович,психолог,врач
Скурлягина,Яна,Олеговна,невролог,врач
Друзев,Павел,Антонович,психолог,врач
Гаспаров,Герасим,Евгеньевич,хирург,лечащий врач
Сатников,Пётр,Вадимович,терапевт,врач
Питеримова,Дарья,Романовна,психиатор,врач
Кимечев,Станислав,Евгеньевич,невролог,врач
Мурсалова,Лиза,Леонидовна,психиатор,врач
Вязьмикин,Иван,Фёдорович,хирург,врач
Латфулин,Василий,Адамович,невролог,лечащий врач
Хапаева,Анастасия,Яковлевна,психиатор,врач
Маяков,Евгений,Иванович,невролог,ассистент
Титунин,Руслан,Фёдорович,без специальности,врач
Нефелов,Андрей,Виталиевич,психолог,ассистент
Бермяков,Иван,Фёдорович,терапевт,медсестра
Сластенина,Тамара,Олеговна,психиатор,медсестра
Костарев,Николай,Леонидович,психолог,врач
Инюкина,Ксения,Аркадьевна,невролог,врач
Квасентова,Наталия,Максимовна,терапевт,лечащий врач
Кочекина,Вера,Михайловна,хирург,лечащий врач
Анацкий,Анатолий,Алексиевич,психиатор,медсестра
Агинский,Николай,Олегович,невролог,ассистент
Бахлина,Инна,Евгеньевна,психолог,медсестра
Расструева,Лиза,Максимовна,терапевт,ассистент
Ходусева,Алена,Леонидовна,без специальности,ассистент
Тикмеова,Алёна,Олеговна,без специальности,врач
Чуряев,Василий,Кириллович,психиатор,лечащий врач
Голоманова,Марина,Андреевна,хирург,ассистент
Котиков,Артём,Адамович,психиатор,медсестра
Дудуркаева,Александра,Николаевна,невролог,лечащий врач
Ровенский,Анатолий,Игоревич,невролог,врач
Шоурин,Александр,Аркадиевич,невролог,врач
Ютяев,Николай,Кириллович,психиатор,лечащий врач
Бордоносов,Кирилл,Максимович,терапевт,медсестра
Абгарова,Наталия,Яковлевна,психиатор,лечащий врач
Бахтирова,Дарья,Яковлевна,без специальности,врач
Простихин,Виталий,Тимофеевич,психиатор,медсестра
Суздалкина,Ольга,Андреевна,терапевт,медсестра
Косогорова,Наталья,Вадимовна,хирург,лечащий врач
Гуслинская,Кира,Яковлевна,невролог,медсестра
Шатрова,Инна,Аркадьевна,психолог,медсестра
Другомилов,Алексей,Яковлевич,терапевт,ассистент
Бурдычова,Валерия,Василевна,невролог,лечащий врач
Куминская,Светлана,Максимовна,терапевт,ассистент
Гудырина,Оксана,Максимовна,психолог,врач
Юдасин,Анатолий,Петрович,терапевт,лечащий врач
Тарарычкин,Юрий,Олегович,терапевт,медсестра
Зломанов,Илья,Фёдорович,терапевт,ассистент
Арбулиева,Валентина,Валерьевна,без специальности,медсестра
Котлинский,Яков,Адамович,хирург,медсестра
Игралов,Станислав,Андреевич,хирург,врач
Стинский,Леонид,Фёдорович,психиатор,ассистент
Ахмедова,Алёна,Алексеевна,психолог,врач
Сутоцкий,Герасим,Иванович,психолог,ассистент
Пацких,Софья,Егоровна,терапевт,ассистент
Понкрахин,Андрей,Игоревич,хирург,ассистент
Шаруев,Денис,Павлович,хирург,лечащий врач
Трубикова,Любовь,Никитична,без специальности,врач
Хисяинов,Тарас,Антонович,психиатор,лечащий врач
Лохмутова,Валерия,Эдуардовна,психиатор,медсестра
Бичаев,Роман,Валериевич,психолог,медсестра
Пухлеев,Владислав,Леонидович,психиатор,врач
Шестырев,Валентин,Михаилович,терапевт,медсестра
Блеснов,Игорь,Денисович,невролог,врач
Фридлих,Иван,Данилович,хирург,врач
Латахина,Александра,Яковлевна,хирург,врач
Дахаева,Лиза,Алексеевна,терапевт,ассистент
Балахонцев,Ярослав,Алексеевич,психолог,ассистент
Цапыгина,Лариса,Валерьевна,психиатор,лечащий врач
Гранков,Руслан,Игоревич,терапевт,врач
Точеных,Иван,Денисович,психолог,медсестра
Гапонова,Софья,Яковлевна,терапевт,медсестра
Малеванкин,Григорий,Юрьевич,без специальности,ассистент
Прядухин,Леонид,Кириллович,без специальности,ассистент
Безрукова,Дарья,Игоревна,невролог,ассистент
Евдокушкин,Николай,Антонович,психиатор,лечащий врач
Селбкова,Яна,Ивановна,невролог,врач
Лукмашова,Лиза,Леонидовна,без специальности,врач
Кутнаев,Артём,Леонидович,невролог,медсестра
Барбаянов,Максим,Максимович,хирург,врач
Ломагина,Кира,Василевна,невролог,лечащий врач
Взырина,Маргарита,Борисовна,без специальности,врач
Алиакбяров,Илья,Романович,без специальности,медсестра
Лазуточкин,Роман,Юриевич,психиатор,медсестра
Анзорова,Ирина,Богдановна,без специальности,медсестра
Патченская,Оксана,Петровна,невролог,врач
Ступачев,Юрий,Викторович,психиатор,медсестра
Махнакова,Маргарита,Николаевна,невролог,медсестра
Камашин,Роман,Вадимович,без специальности,врач
Хахарев,Олег,Леонидович,психиатор,ассистент
Прудовская,Ксения,Эдуардовна,хирург,лечащий врач
Витюхин,Геннадий,Денисович,невролог,врач
Алдуненков,Андрей,Кириллович,терапевт,ассистент
Робин,Константин,Аркадиевич,невролог,лечащий врач
Закромин,Григорий,Евгеньевич,хирург,лечащий врач
Голтепова,Вероника,Петровна,без специальности,лечащий врач
Зяблин,Владислав,Леонидович,терапевт,врач
Фендриков,Валентин,Максимович,невролог,лечащий врач
Мнускин,Артём,Антонович,психиатор,лечащий врач
Лушов,Валерий,Петрович,терапевт,медсестра
Койрулина,Алиса,Вадимовна,без специальности,лечащий врач
Чусева,Алена,Олеговна,психолог,медсестра
Хорохонова,Надежда,Дмитриевна,невролог,ассистент
Бурлаков,Тарас,Леонидович,терапевт,ассистент
Васютчиков,Вадим,Василиевич,психолог,медсестра
Коронаев,Дмитрий,Аркадиевич,без специальности,лечащий врач
Анджелова,Алена,Ивановна,хирург,медсестра
Белоконев,Алексей,Андреевич,хирург,врач
Мурчких,Владислав,Олегович,без специальности,лечащий врач
Присадова,Алла,Михайловна,психолог,ассистент
Барастова,Евгения,Федоровна,психиатор,лечащий врач
Мечин,Андрей,Николаевич,хирург,врач
Рошевская,Любовь,Федоровна,психиатор,ассистент
Згурская,Валерия,Сергеевна,психиатор,ассистент
Крумин,Вадим,Сергеевич,терапевт,лечащий врач
Осябская,Марина,Алексеевна,без специальности,ассистент
Бесшапов,Иван,Тимофеевич,терапевт,врач
Терикова,Елизавета,Кирилловна,психолог,лечащий врач
Прядеев,Пётр,Олегович,психолог,ассистент
Разводнов,Павел,Фёдорович,невролог,лечащий врач
Лабжинов,Семён,Игоревич,терапевт,лечащий врач
Шипелюгина,Елена,Евгеньевна,невролог,лечащий врач
Задорин,Руслан,Кириллович,хирург,ассистент
Колотыгина,Раиса,Сергеевна,психиатор,ассистент
Хухрева,Карина,Эдуардовна,невролог,лечащий врач
Кисочкина,Ева,Никитична,невролог,врач
Дарманова,Любовь,Михайловна,психолог,медсестра
Дианова,Ксения,Борисовна,терапевт,медсестра
Кизунов,Федор,Юриевич,терапевт,медсестра
Агринский,Максим,Виталиевич,психолог,медсестра
Чванова,Кристина,Аркадьевна,без специальности,ассистент
Низков,Никита,Алексеевич,психолог,медсестра
Махатина,Наталья,Аркадьевна,без специальности,лечащий врач
Кривицын,Роман,Георгиевич,психиатор,врач
Мишаров,Кирилл,Игоревич,хирург,лечащий врач
Секретев,Аркадий,Антонович,хирург,ассистент
Ламанова,Маргарита,Максимовна,невролог,ассистент
Виглина,Екатерина,Леонидовна,без специальности,врач
Фелонина,Екатерина,Максимовна,терапевт,ассистент
Пинахин,Николай,Максимович,психолог,ассистент
Немальзин,Руслан,Яковлевич,терапевт,медсестра
Комугина,Яна,Леонидовна,терапевт,ассистент
Кынева,Вера,Василевна,психолог,врач
Пацекин,Вадим,Олегович,без специальности,медсестра
Вифлянцев,Ярослав,Фёдорович,психиатор,ассистент
Рыбичев,Яков,Евгеньевич,психолог,лечащий врач
Аветисов,Никита,Денисович,хирург,лечащий врач
Курлин,Владимир,Виталиевич,психиатор,врач
Асарина,Алиса,Игоревна,терапевт,лечащий врач
Авалимова,Ксения,Богдановна,хирург,медсестра
Дытина,Евгения,Евгеньевна,без специальности,лечащий врач
Петрушкин,Михаил,Валериевич,хирург,ассистент
Корыванов,Леонид,Сергеевич,психиатор,лечащий врач
Пагнагина,Ольга,Никитична,невролог,медсестра
Миганкова,Кира,Ивановна,хирург,врач
Макарин,Артём,Аркадиевич,без специальности,врач
Чигасов,Алексей,Сергеевич,психиатор,ассистент
Вочанова,Евгения,Яковлевна,без специальности,ассистент
Распоркина,Наталья,Николаевна,терапевт,лечащий врач
Дьянов,Иван,Андреевич,без специальности,лечащий врач
Борисолин,Валентин,Романович,психолог,ассистент
Власичев,Евгений,Максимович,хирург,лечащий врач
Ходюкова,Клавдия,Никитична,терапевт,медсестра
Беченова,Алена,Михайловна,без специальности,врач
Спорыхина,Алиса,Никитична,психолог,лечащий врач
Скулкина,Катерина,Яковлевна,без специальности,врач
Чкахина,Елизавета,Сергеевна,без специальности,врач
Теологова,Клара,Игоревна,психолог,медсестра
Достова,Софья,Петровна,невролог,лечащий врач
Абойтов,Пётр,Евгеньевич,психолог,ассистент
Тарютина,Лариса,Егоровна,невролог,медсестра
Чайкина,Дарья,Максимовна,невролог,лечащий врач
Костяхина,Виолетта,Эдуардовна,невролог,врач
Адерихин,Евгений,Аркадиевич,терапевт,медсестра
Детенков,Григорий,Алексеевич,хирург,ассистент
Сейджанова,Алена,Валерьевна,хирург,врач
Ятина,Светлана,Борисовна,хирург,лечащий врач
Албашеев,Герасим,Романович,хирург,ассистент
Кознакова,Екатерина,Алексеевна,невролог,ассистент
Беринов,Евгений,Вадимович,без специальности,ассистент
Шиахмятова,Светлана,Игоревна,психолог,лечащий врач
Пармашева,Екатерина,Михайловна,без специальности,медсестра
Апаркин,Григорий,Василиевич,психолог,лечащий врач
Мелюшина,Клара,Ивановна,терапевт,врач
Савитский,Александр,Игоревич,терапевт,ассистент
Горшенкова,Наталья,Максимовна,невролог,ассистент
Булаков,Андрей,Леонидович,невролог,лечащий врач
Чирушина,Полина,Андреевна,психиатор,лечащий врач
Зрящев,Виктор,Михаилович,психиатор,врач
Баракаева,Зинаида,Богдановна,психиатор,медсестра
Размыкова,Клара,Дмитриевна,психолог,лечащий врач
Дренясова,Евгения,Егоровна,терапевт,лечащий врач
Бочаев,Антон,Данилович,терапевт,ассистент
Чурконов,Илья,Леонидович,без специальности,лечащий врач
Якубенова,Галина,Алексеевна,терапевт,ассистент
Лазуткин,Геннадий,Викторович,хирург,медсестра
Акиярова,Алина,Романовна,психиатор,врач
Шебакин,Тарас,Адамович,невролог,медсестра
Викоторова,Марина,Михайловна,хирург,врач
Аграчев,Иван,Георгиевич,психиатор,медсестра
Марсаков,Антон,Василиевич,терапевт,врач
Кошкарева,Ирина,Михайловна,терапевт,врач
Титчеева,Ксения,Леонидовна,психиатор,врач
Кутдусова,Софья,Михайловна,без специальности,врач
Мелещенков,Иван,Юриевич,хирург,лечащий врач
Обрываев,Степан,Леонидович,психиатор,врач
Айбашева,София,Алексеевна,психолог,медсестра
Карпишин,Владимир,Иванович,хирург,ассистент
Свердликов,Валерий,Василиевич,терапевт,медсестра
Марчина,Евгения,Егоровна,невролог,ассистент
Поборуев,Семён,Юрьевич,невролог,ассистент
Заглодин,Альберт,Борисович,невролог,врач
Спесивых,Виктор,Петрович,терапевт,лечащий врач
Залманова,Кира,Сергеевна,хирург,врач
Люксинова,Алина,Михайловна,хирург,лечащий врач
Межникова,Вера,Эдуардовна,без специальности,лечащий врач
Мерзенова,Елена,Богдановна,хирург,ассистент
Ишарнова,Ирина,Аркадьевна,психиатор,лечащий врач
Франчихина,Елизавета,Ивановна,хирург,врач
Елибулатов,Борис,Яковлевич,психиатор,врач
Дармодекин,Борис,Фёдорович,невролог,ассистент
Косипова,Марина,Андреевна,невролог,ассистент
Таратурина,Наталья,Федоровна,без специальности,лечащий врач
Кошкодаев,Алексей,Вадимович,хирург,врач
Хороводова,Ирина,Максимовна,психиатор,лечащий врач
Спеченков,Андрей,Борисович,хирург,медсестра
Резванова,Виолетта,Федоровна,психиатор,лечащий врач
Вдовцева,Тамара,Алексеевна,невролог,врач
Гнольтянин,Иван,Виталиевич,терапевт,медсестра
Черейкин,Иван,Тимофеевич,невролог,лечащий врач
Мищукова,Лиза,Викторовна,без специальности,лечащий врач
Юсяйкина,Анна,Вадимовна,терапевт,медсестра
Полидов,Георгий,Яковлевич,хирург,ассистент
Ионцев,Геннадий,Петрович,без специальности,медсестра
Головацкая,Алла,Ивановна,терапевт,медсестра
Эльяшев,Виталий,Аркадиевич,психолог,врач
Моносов,Иван,Андреевич,терапевт,ассистент
Петнев,Аркадий,Романович,хирург,лечащий врач
Данильцева,Оксана,Кирилловна,без специальности,ассистент
Мухоркин,Олег,Тимофеевич,хирург,медсестра
Чигадеева,Надежда,Вадимовна,хирург,врач
Голошев,Федор,Борисович,невролог,лечащий врач
Иванаев,Андрей,Алексеевич,психиатор,врач
Аньков,Андрей,Петрович,психиатор,ассистент
Карписонов,Алексей,Петрович,психиатор,врач
Пиульский,Герасим,Денисович,психиатор,медсестра
Кулинин,Аркадий,Леонидович,терапевт,медсестра
Тюркачева,Оксана,Борисовна,психолог,врач
Авусева,Наталья,Федоровна,психиатор,врач
Хармузова,Надежда,Игоревна,психиатор,ассистент
Гузенин,Владимир,Сергеевич,хирург,врач
Чебураев,Георгий,Вадимович,психиатор,медсестра
Талинский,Виталий,Викторович,психолог,ассистент
Соличева,Лариса,Василевна,психиатор,лечащий врач
Порядкин,Валерий,Николаевич,терапевт,лечащий врач
Лобусова,Наталия,Борисовна,терапевт,медсестра
Торцова,Клавдия,Андреевна,терапевт,лечащий врач
Карамаров,Вячеслав,Борисович,невролог,ассистент
Бурхин,Юрий,Максимович,терапевт,медсестра
Ланеев,Василий,Иванович,невролог,медсестра
Банатов,Яков,Аркадиевич,хирург,медсестра
Матенкина,Ирина,Алексеевна,психолог,медсестра
Янгилеева,Мария,Евгеньевна,хирург,врач
Киркоров,Герасим,Аркадиевич,психиатор,лечащий врач
Позднышова,Валерия,Богдановна,психолог,ассистент
Челюеева,Карина,Алексеевна,терапевт,медсестра
Смолева,Тамара,Романовна,психиатор,ассистент
Дурицын,Денис,Антонович,хирург,ассистент
Болкунова,Евгения,Федоровна,хирург,лечащий врач
Деверцова,Тамара,Олеговна,без специальности,ассистент
Долбилин,Аркадий,Евгеньевич,хирург,врач
Шебаршева,Оксана,Ивановна,психолог,врач
Чалусова,Клавдия,Викторовна,психиатор,ассистент
Кричалина,Елена,Максимовна,невролог,ассистент
Кутрухина,Раиса,Богдановна,психолог,лечащий врач
Кочеляева,Клара,Борисовна,психиатор,врач
Жошкина,Надежда,Вадимовна,невролог,ассистент
Аполонина,Жанна,Ивановна,психолог,медсестра
Фелифоров,Александр,Данилович,хирург,лечащий врач
Цибаков,Роман,Тимофеевич,без специальности,лечащий врач
Юнов,Павел,Игоревич,терапевт,медсестра
Шафилулин,Игорь,Викторович,терапевт,медсестра
Фукалов,Кирилл,Николаевич,психолог,ассистент
Плашаднова,Наталия,Михайловна,невролог,врач
Каченова,Маргарита,Игоревна,терапевт,врач
Ельшина,Галина,Борисовна,терапевт,лечащий врач
Хохловкин,Пётр,Иванович,психолог,медсестра
Чибритов,Леонид,Вадимович,невролог,медсестра
Дерюшкин,Станислав,Тимофеевич,терапевт,медсестра
Людмирский,Евгений,Михаилович,психиатор,лечащий врач
Сыресин,Виктор,Вадимович,хирург,ассистент
Обатурова,Юлия,Викторовна,психиатор,ассистент
Матютов,Вячеслав,Олегович,психиатор,ассистент
Куйбедин,Роман,Аркадиевич,без специальности,врач
Абакаева,Кристина,Борисовна,невролог,ассистент
Митрова,Ирина,Аркадьевна,невролог,медсестра
Сулаков,Михаил,Адамович,хирург,медсестра
Верпкин,Тарас,Викторович,терапевт,врач
Касарева,Алена,Максимовна,психиатор,лечащий врач
Шемарыкина,Дарья,Дмитриевна,терапевт,лечащий врач
Пищерский,Илья,Данилович,терапевт,врач
Гапеенкова,Тамара,Олеговна,без специальности,врач
Сальвин,Борис,Данилович,невролог,лечащий врач
Колкатина,Кира,Игоревна,терапевт,медсестра
Елбаева,Клавдия,Вадимовна,психиатор,врач
Турчин,Борис,Василиевич,психолог,лечащий врач
Кремлякова,Софья,Ивановна,психиатор,ассистент
Костюткин,Ярослав,Фёдорович,психолог,лечащий врач
Шалина,Екатерина,Андреевна,психолог,лечащий врач
Усаров,Тарас,Леонидович,психолог,врач
Тюшагин,Аркадий,Аркадиевич,без специальности,лечащий врач
Маджидов,Никита,Романович,без специальности,врач
Комбарова,Кристина,Ивановна,невролог,медсестра
Мухнесов,Дмитрий,Василиевич,без специальности,ассистент
Кирьячкова,Карина,Романовна,терапевт,ассистент
Камерцева,Жанна,Петровна,невролог,врач
Ашкин,Виталий,Сергеевич,психиатор,медсестра
Собакина,Валерия,Андреевна,психолог,медсестра
Верцанов,Дмитрий,Алексеевич,без специальности,медсестра
Гопанкова,Оксана,Максимовна,психолог,медсестра
Локтанова,Лиза,Сергеевна,психиатор,медсестра
Апашкина,Жанна,Викторовна,психолог,медсестра
Навин,Артур,Георгиевич,невролог,лечащий врач
Горычев,Никита,Андреевич,невролог,врач
Цемковский,Аркадий,Юрьевич,терапевт,врач
Голосина,Ева,Игоревна,без специальности,медсестра
Сильянов,Степан,Василиевич,психолог,лечащий врач
Сергеевых,Анна,Борисовна,без специальности,медсестра
Димеева,Алиса,Кирилловна,психиатор,медсестра
Локшинский,Пётр,Романович,хирург,лечащий врач
Шихарев,Руслан,Кириллович,психолог,ассистент
Устрицова,Елена,Борисовна,психолог,лечащий врач
Абилуллина,Ирина,Эдуардовна,хирург,лечащий врач
Фандырева,Надежда,Романовна,психиатор,ассистент
Фарушев,Кирилл,Юриевич,терапевт,медсестра
Пелевинова,Карина,Романовна,психиатор,медсестра
Яменков,Василий,Денисович,невролог,медсестра
Лупежов,Валерий,Фёдорович,невролог,врач
Серенкова,Ирина,Леонидовна,терапевт,лечащий врач
Куриллина,Елизавета,Игоревна,психолог,врач
Бестаев,Андрей,Василиевич,хирург,ассистент
Котолупова,Клара,Леонидовна,терапевт,лечащий врач
Кныриков,Юрий,Георгиевич,без специальности,медсестра
Кувшинова,Яна,Егоровна,хирург,медсестра
Котлячкова,Ева,Борисовна,психолог,ассистент
Дюгеев,Михаил,Вадимович,психиатор,ассистент
Ярчинская,Ирина,Ивановна,терапевт,врач
Карбышев,Аркадий,Василиевич,психолог,медсестра
Шогорова,Александра,Николаевна,без специальности,медсестра
Морастаков,Игорь,Юрьевич,психолог,лечащий врач
Саулов,Ярослав,Валериевич,психолог,ассистент
Големин,Алексей,Юрьевич,терапевт,врач
Ворушилин,Леонид,Павлович,терапевт,лечащий врач
Говорушкин,Эдуард,Олегович,без специальности,врач
Росенкова,Екатерина,Викторовна,терапевт,ассистент
Чеботков,Михаил,Алексеевич,без специальности,медсестра
Вечкутова,Катерина,Федоровна,без специальности,ассистент
Горяйнов,Федор,Борисович,психолог,ассистент
Чумбарова,Вероника,Дмитриевна,психолог,ассистент
Троилов,Илья,Юриевич,хирург,медсестра
Гаврюнин,Герасим,Иванович,психолог,медсестра
Сколяпов,Илья,Георгиевич,невролог,ассистент
Просолова,Наталья,Дмитриевна,психолог,лечащий врач
Подборнова,Анастасия,Петровна,психиатор,врач
Жуляева,Виолетта,Сергеевна,без специальности,лечащий врач
Мошина,Полина,Романовна,невролог,лечащий врач
Бигалиева,Алена,Богдановна,невролог,ассистент
Хабиров,Владислав,Антонович,хирург,лечащий врач
Асимарина,Кира,Борисовна,психиатор,врач
Вороков,Никита,Михаилович,психолог,лечащий врач
Алтынцева,Тамара,Николаевна,без специальности,лечащий врач
Стручев,Леонид,Сергеевич,психиатор,лечащий врач
Лобкарева,Алла,Валерьевна,без специальности,ассистент
Хохоликов,Владислав,Олегович,терапевт,врач
Запруднов,Константин,Денисович,психолог,лечащий врач
Чибирикин,Семён,Василиевич,психиатор,лечащий врач
Супранова,Кристина,Михайловна,невролог,ассистент
Кручин,Михаил,Алексиевич,психолог,лечащий врач
Единарова,Виктория,Борисовна,психолог,врач
Ирлинский,Игорь,Олегович,хирург,медсестра
Осякина,Тамара,Эдуардовна,психиатор,лечащий врач
Кампов,Антон,Юриевич,психолог,ассистент
Лавринский,Алексей,Сергеевич,невролог,ассистент
Венгерский,Кирилл,Антонович,невролог,медсестра
Челенцова,Ксения,Василевна,психолог,врач
Евдокова,Алина,Викторовна,невролог,ассистент
Куфокова,Дарья,Сергеевна,психиатор,ассистент
Топакова,Кристина,Викторовна,хирург,врач
Графутин,Александр,Юрьевич,невролог,врач
Мурский,Артур,Романович,психиатор,медсестра
Бовкунов,Альберт,Олегович,психолог,лечащий врач
Спасибин,Артур,Петрович,психиатор,ассистент
Шестимиров,Пётр,Андреевич,хирург,медсестра
Дзугкаева,Дарья,Дмитриевна,без специальности,врач
Патюничева,Валентина,Леонидовна,психиатор,медсестра
Пашилов,Руслан,Юрьевич,невролог,ассистент
Тонких,Ксения,Максимовна,терапевт,ассистент
Сказкин,Георгий,Максимович,психиатор,врач
Колюшкина,Анна,Николаевна,невролог,врач
Батев,Леонид,Антонович,хирург,лечащий врач
Невметулин,Пётр,Петрович,хирург,ассистент
Пурякова,Юлия,Петровна,без специальности,ассистент
Кошаров,Владислав,Василиевич,невролог,лечащий врач
Острерова,Алена,Николаевна,психолог,медсестра
Ротаенова,Ева,Кирилловна,психиатор,врач
Викульцева,Надежда,Вадимовна,психиатор,лечащий врач
Жалов,Артём,Тимофеевич,терапевт,лечащий врач
Доброчеева,Лариса,Андреевна,невролог,медсестра
Гадышева,Алёна,Николаевна,психиатор,лечащий врач
Фимохин,Семён,Фёдорович,терапевт,лечащий врач
Бадеева,Галина,Эдуардовна,без специальности,лечащий врач
Падышев,Николай,Борисович,хирург,ассистент
Сиванков,Артур,Денисович,хирург,врач
Вашина,Лариса,Олеговна,без специальности,медсестра
Салтинов,Виктор,Аркадиевич,хирург,ассистент
Маницкий,Вадим,Евгеньевич,без специальности,медсестра
Дзюбишина,Клавдия,Аркадьевна,психолог,врач
Корденкова,София,Егоровна,без специальности,ассистент
Ветоалкина,Виолетта,Викторовна,терапевт,ассистент
Кованский,Григорий,Виталиевич,невролог,лечащий врач
Малиновкин,Виктор,Алексеевич,психиатор,ассистент
Добряшкина,Валентина,Олеговна,хирург,врач
Калитаев,Максим,Павлович,без специальности,врач
Семиохин,Семён,Вадимович,психиатор,лечащий врач
Гунов,Александр,Данилович,психолог,ассистент
Желбаков,Антон,Максимович,без специальности,врач
Свирлова,Людмила,Борисовна,невролог,лечащий врач
Цанина,Виолетта,Аркадьевна,психолог,врач
Лузгинова,Надежда,Федоровна,психиатор,ассистент
Филозонов,Аркадий,Николаевич,психолог,медсестра
Рябовичев,Андрей,Данилович,невролог,врач
Цисельский,Альберт,Николаевич,без специальности,ассистент
Оспанов,Валерий,Петрович,без специальности,медсестра
Брешин,Иван,Виталиевич,психолог,врач
Галыгин,Георгий,Николаевич,психиатор,ассистент
Тишникова,Алла,Никитична,терапевт,медсестра
Савергина,Мария,Аркадьевна,хирург,медсестра
Пермякова,Кристина,Борисовна,невролог,лечащий врач
Хританкова,Жанна,Никитична,невролог,медсестра
Чупреев,Герасим,Сергеевич,психолог,лечащий врач
Проханова,Алена,Дмитриевна,без специальности,медсестра
Телеников,Ярослав,Георгиевич,хирург,врач
Мирошников,Семён,Алексиевич,психолог,лечащий врач
Вернослов,Леонид,Георгиевич,хирург,врач
Воршевская,Алена,Кирилловна,терапевт,медсестра
Грибайкин,Олег,Борисович,без специальности,врач
Часных,Алиса,Вадимовна,психиатор,лечащий врач
Вязовенков,Василий,Михаилович,без специальности,врач
Сурмаметов,Артур,Леонидович,хирург,лечащий врач
Тутакиева,Яна,Ивановна,хирург,медсестра
Кривоногих,Руслан,Евгеньевич,без специальности,врач
Половцева,София,Василевна,психиатор,ассистент
Нецецкий,Эдуард,Борисович,хирург,медсестра
Нероев,Пётр,Юриевич,без специальности,лечащий врач
Пендиков,Геннадий,Аркадиевич,без специальности,врач
Клынин,Степан,Леонидович,психиатор,врач
Михеичева,Маргарита,Валерьевна,хирург,ассистент
Накозин,Александр,Петрович,без специальности,лечащий врач
Елсанова,Галина,Богдановна,психиатор,ассистент
Коробицин,Константин,Борисович,психиатор,ассистент
Ванцев,Леонид,Вадимович,хирург,лечащий врач
Бодеева,Виктория,Николаевна,психиатор,лечащий врач
Чувелев,Федор,Евгеньевич,психолог,лечащий врач
Муинова,Ольга,Богдановна,терапевт,медсестра
Сырдлина,Ева,Николаевна,без специальности,лечащий врач
Портенков,Геннадий,Юрьевич,без специальности,ассистент
Тужилин,Тарас,Евгеньевич,психиатор,врач
Умхажиева,Людмила,Алексеевна,терапевт,медсестра
Волчихин,Юрий,Алексиевич,психиатор,лечащий врач
Товбин,Евгений,Валериевич,без специальности,медсестра
Сложенкин,Василий,Адамович,терапевт,медсестра
Зубочкина,Тамара,Яковлевна,невролог,медсестра
Шафилулин,Борис,Антонович,терапевт,ассистент
Обутова,Тамара,Олеговна,невролог,лечащий врач
Бровченков,Семён,Денисович,невролог,лечащий врач
Учузнов,Вячеслав,Юрьевич,хирург,медсестра
Бнатов,Герасим,Викторович,терапевт,врач
Шапина,Виктория,Петровна,психолог,ассистент
Чуйковская,Светлана,Игоревна,хирург,ассистент
Рундин,Дмитрий,Романович,невролог,лечащий врач
Куничкин,Григорий,Юрьевич,психолог,врач
Невмодова,Алиса,Сергеевна,хирург,врач
Бамматов,Альберт,Павлович,терапевт,медсестра
Ворожищев,Денис,Алексиевич,терапевт,медсестра
Корбашов,Игорь,Василиевич,хирург,ассистент
Шитырков,Федор,Романович,психиатор,ассистент
Непрокин,Евгений,Павлович,невролог,врач
Люлькин,Федор,Георгиевич,терапевт,медсестра
Кипкулькин,Павел,Алексеевич,психолог,ассистент
Мизанова,Мария,Егоровна,терапевт,медсестра
Покашкин,Григорий,Борисович,без специальности,врач
Бордецкий,Степан,Адамович,невролог,ассистент
Колчеева,Мария,Василевна,хирург,медсестра
Повочкина,Инна,Петровна,психолог,лечащий врач
Костогоров,Артур,Олегович,без специальности,лечащий врач
Худушкина,Юлия,Андреевна,невролог,ассистент
Порхулова,Евгения,Борисовна,невролог,лечащий врач
Мазкин,Федор,Тимофеевич,психиатор,лечащий врач
Ахантьева,Светлана,Эдуардовна,психолог,медсестра
Стерпуков,Илья,Фёдорович,терапевт,лечащий врач
Рассохова,Виолетта,Николаевна,хирург,ассистент
Несетров,Ярослав,Иванович,хирург,медсестра
Клецков,Яков,Иванович,терапевт,врач
Чубыкина,Дарья,Василевна,невролог,лечащий врач
Аровина,Валентина,Сергеевна,хирург,ассистент
Ленченков,Денис,Денисович,психиатор,ассистент
Шамшурова,Софья,Василевна,без специальности,медсестра
Гасычева,Ирина,Богдановна,хирург,ассистент
Шкондин,Семён,Михаилович,без специальности,медсестра
Шимакина,Клавдия,Михайловна,без специальности,врач
Фаленов,Дмитрий,Алексеевич,без специальности,врач
Подьячих,Максим,Антонович,психолог,лечащий врач
Маругов,Яков,Яковлевич,невролог,медсестра
Иманова,Маргарита,Аркадьевна,без специальности,врач
Корлова,Алла,Ивановна,хирург,ассистент
Щеглева,Ева,Федоровна,невролог,врач
Абдулина,Алла,Алексеевна,психиатор,ассистент
Копылов,Валерий,Кириллович,без специальности,медсестра
Саидова,Оксана,Олеговна,психолог,лечащий врач
Писюкова,Дарья,Василевна,терапевт,лечащий врач
Чемуркин,Геннадий,Фёдорович,хирург,лечащий врач
Арипов,Степан,Юриевич,без специальности,ассистент
Краминцев,Роман,Юрьевич,психолог,медсестра
Горовиков,Роман,Данилович,без специальности,медсестра
Нернов,Анатолий,Кириллович,психиатор,врач
Добедин,Евгений,Георгиевич,хирург,ассистент
Жердин,Валерий,Евгеньевич,невролог,врач
Мисяков,Константин,Леонидович,терапевт,ассистент
Рашкова,Полина,Романовна,психолог,медсестра
Савеина,Инна,Дмитриевна,невролог,медсестра
Шувальская,Мария,Николаевна,психиатор,ассистент
Алаенков,Юрий,Денисович,без специальности,лечащий врач
Болычев,Федор,Максимович,психолог,врач
Додолин,Яков,Викторович,психиатор,врач
Лохманов,Максим,Михаилович,хирург,медсестра
Колышницын,Геннадий,Адамович,терапевт,лечащий врач
Зилтдинов,Руслан,Олегович,невролог,лечащий врач
Мандрусова,Александра,Сергеевна,психолог,лечащий врач
Яшканова,Зинаида,Андреевна,психолог,лечащий врач
Намалов,Эдуард,Леонидович,терапевт,врач
Вакорин,Максим,Евгеньевич,терапевт,лечащий врач
Стахеев,Алексей,Кириллович,хирург,ассистент
Гурджиев,Михаил,Юрьевич,терапевт,ассистент
Ягулов,Алексей,Антонович,психиатор,медсестра
Дядиков,Борис,Антонович,хирург,лечащий врач
Сасонова,Яна,Валерьевна,хирург,лечащий врач
Уразманов,Антон,Сергеевич,терапевт,ассистент
Хренникова,Полина,Никитична,психиатор,ассистент
Доболина,Клавдия,Валерьевна,невролог,медсестра
Ворсопов,Леонид,Леонидович,невролог,медсестра
Садковкина,Яна,Никитична,терапевт,лечащий врач
Кафинскин,Александр,Олегович,хирург,врач
Галюзова,Раиса,Михайловна,хирург,врач
Маяновский,Юрий,Фёдорович,без специальности,ассистент
Гузнякова,Полина,Олеговна,психиатор,лечащий врач
Смыгина,Катерина,Петровна,терапевт,врач
Фурачикова,Клара,Борисовна,хирург,медсестра
Ащанов,Константин,Яковлевич,хирург,медсестра
Коначев,Пётр,Петрович,терапевт,врач
Моргалина,Алла,Яковлевна,психиатор,ассистент
Папшев,Георгий,Вадимович,психиатор,врач
Ирых,Елена,Сергеевна,терапевт,врач
Шашаткина,София,Валерьевна,психолог,ассистент
Лемзинова,Виктория,Евгеньевна,хирург,врач
Алдашов,Станислав,Юриевич,без специальности,лечащий врач
Гинесина,Алина,Никитична,хирург,врач
Васицин,Константин,Леонидович,психиатор,лечащий врач
Косудров,Пётр,Данилович,невролог,ассистент
Штокалов,Максим,Аркадиевич,хирург,ассистент
Парушин,Юрий,Адамович,хирург,медсестра
Баяхчев,Герасим,Алексеевич,психиатор,ассистент
Алвердиев,Тарас,Михаилович,хирург,ассистент
Васюшкина,Ирина,Михайловна,невролог,медсестра
Шалухин,Иван,Алексиевич,невролог,врач
Тутерский,Владимир,Тимофеевич,терапевт,врач
Чумачев,Борис,Тимофеевич,терапевт,ассистент
Божков,Андрей,Данилович,без специальности,врач
Сачкова,Валерия,Кирилловна,терапевт,лечащий врач
Юньков,Алексей,Антонович,хирург,медсестра
Шермакова,Валерия,Эдуардовна,психиатор,лечащий врач
Коптелева,Валентина,Максимовна,психолог,врач
Шамалин,Максим,Петрович,хирург,врач
Вызжева,Лариса,Игоревна,психолог,ассистент
Шкурикова,Виктория,Николаевна,психолог,лечащий врач
Пороныкина,Алиса,Леонидовна,невролог,ассистент
Ляпченкова,Алёна,Николаевна,психолог,врач
Каромов,Эдуард,Тимофеевич,психиатор,лечащий врач
Шаронина,Виктория,Викторовна,невролог,медсестра
Завязкина,Виолетта,Богдановна,терапевт,врач
Бизеева,Анастасия,Аркадьевна,невролог,медсестра
Хахаев,Артур,Аркадиевич,терапевт,лечащий врач
Чеушева,Софья,Евгеньевна,невролог,медсестра
Ходачих,Павел,Петрович,психиатор,врач
Улюлин,Герасим,Иванович,психолог,врач
Черейская,Виолетта,Евгеньевна,невролог,врач
Егиазаров,Григорий,Борисович,терапевт,врач
Лопитин,Пётр,Денисович,психиатор,врач
Крижевский,Пётр,Евгеньевич,без специальности,ассистент
Примерова,Кристина,Яковлевна,психиатор,лечащий врач
Сулышкина,Валерия,Максимовна,психиатор,ассистент
Шишмагаева,Алёна,Богдановна,терапевт,лечащий врач
Максиняева,Катерина,Аркадьевна,терапевт,лечащий врач
Карузин,Владислав,Михаилович,без специальности,медсестра
Абудеева,Оксана,Викторовна,психиатор,врач
Рузинова,Елизавета,Игоревна,без специальности,ассистент
Федосихин,Алексей,Данилович,психиатор,лечащий врач
Курозаев,Максим,Юриевич,психолог,врач
Жардецкая,Вера,Леонидовна,хирург,медсестра
Голтыхов,Антон,Юриевич,без специальности,ассистент
Дигина,Ольга,Яковлевна,без специальности,ассистент
Дорогунцев,Герасим,Яковлевич,невролог,медсестра
Аркашев,Кирилл,Яковлевич,психолог,медсестра
Микрина,Ксения,Эдуардовна,психиатор,врач
Шелопаев,Павел,Леонидович,терапевт,лечащий врач
Пойкина,Анна,Эдуардовна,психиатор,лечащий врач
Боглевская,Галина,Петровна,невролог,ассистент
Несакова,Виолетта,Сергеевна,без специальности,ассистент
Масутов,Олег,Фёдорович,без специальности,ассистент
Шапинская,Анастасия,Романовна,хирург,медсестра
Иринин,Ярослав,Петрович,невролог,врач
Чугелкина,Мария,Никитична,психолог,врач
Щегурова,Юлия,Максимовна,без специальности,ассистент
Стасеев,Константин,Максимович,хирург,медсестра
Барсов,Валерий,Николаевич,невролог,ассистент
Овинникова,Яна,Евгеньевна,терапевт,врач
Латюгина,Маргарита,Кирилловна,без специальности,врач
Дерткезов,Дмитрий,Иванович,психолог,лечащий врач
Лесаков,Вячеслав,Валериевич,хирург,врач
Папичева,Кира,Ивановна,хирург,лечащий врач
Седлицкая,Инна,Дмитриевна,без специальности,врач
Домницкая,Зинаида,Максимовна,психиатор,ассистент
Пипекин,Эдуард,Юрьевич,хирург,лечащий врач
Чудаев,Юрий,Николаевич,психиатор,врач
Кладовиков,Степан,Андреевич,невролог,лечащий врач
Низамбиева,Оксана,Никитична,психолог,ассистент
Чударева,Катерина,Вадимовна,терапевт,врач
Колотова,Наталья,Богдановна,невролог,медсестра
Курчеева,Надежда,Алексеевна,хирург,лечащий врач
Гагилева,Марина,Викторовна,без специальности,ассистент
Карныгин,Николай,Игоревич,психолог,врач
Дергинев,Вячеслав,Яковлевич,хирург,врач
Бериева,Клара,Алексеевна,терапевт,врач
Мартьянова,Алина,Олеговна,невролог,врач
Малюлин,Кирилл,Викторович,терапевт,лечащий врач
Лисичина,Юлия,Валерьевна,психиатор,ассистент
Шафеев,Андрей,Аркадиевич,невролог,ассистент
Губуров,Александр,Алексеевич,психиатор,лечащий врач
Щипакин,Руслан,Юрьевич,без специальности,ассистент
Мартяшкина,Анна,Алексеевна,терапевт,медсестра
Ротина,Раиса,Викторовна,психолог,врач
Башурин,Валерий,Виталиевич,психолог,медсестра
Вышедская,Вера,Аркадьевна,психиатор,врач
Старшин,Андрей,Данилович,психолог,лечащий врач
Зорнов,Артём,Тимофеевич,хирург,лечащий врач
Станогин,Герасим,Петрович,терапевт,медсестра
Аноева,Наталья,Эдуардовна,психолог,лечащий врач
Краснова,Вера,Дмитриевна,без специальности,лечащий врач
Буримов,Герасим,Юриевич,психолог,медсестра
Попазов,Николай,Виталиевич,хирург,ассистент
Промыслов,Артём,Юриевич,хирург,медсестра
Шайхеева,Полина,Максимовна,хирург,медсестра
Рассулин,Яков,Василиевич,терапевт,врач
Адикина,Лариса,Егоровна,без специальности,ассистент
Чиляев,Николай,Тимофеевич,терапевт,ассистент
Овсяницкая,Жанна,Егоровна,невролог,лечащий врач
Маревичева,Виктория,Егоровна,без специальности,ассистент
Бузункина,Ева,Вадимовна,психиатор,ассистент
Орешнин,Илья,Кириллович,терапевт,ассистент
Борзина,Жанна,Ивановна,психолог,врач
Копорзова,Екатерина,Сергеевна,без специальности,лечащий врач
Теснанов,Геннадий,Юрьевич,без специальности,лечащий врач
Лоханкина,Елена,Олеговна,без специальности,лечащий врач
Росляков,Григорий,Андреевич,хирург,медсестра
Мигиров,Руслан,Данилович,хирург,медсестра
Дадонов,Анатолий,Олегович,невролог,врач
Числовский,Вячеслав,Вадимович,без специальности,лечащий врач
Сибанова,Марина,Вадимовна,психолог,медсестра
Печков,Михаил,Олегович,без специальности,медсестра
Лемницкая,Кира,Викторовна,психиатор,лечащий врач
Асенов,Виталий,Адамович,психолог,медсестра
Вавицын,Юрий,Денисович,невролог,ассистент
Опаринский,Максим,Игоревич,невролог,ассистент
Аганишова,Юлия,Евгеньевна,невролог,ассистент
Троллин,Вадим,Адамович,хирург,лечащий врач
Глуховкина,Ксения,Яковлевна,хирург,лечащий врач
Первина,Клавдия,Петровна,терапевт,лечащий врач
Забатурина,Дарья,Леонидовна,психолог,врач
Щеулова,Лариса,Олеговна,психолог,ассистент
Рашксов,Денис,Василиевич,без специальности,медсестра
Шалабин,Кирилл,Василиевич,психолог,врач
Скрипачева,Тамара,Петровна,психиатор,ассистент
Чебораков,Георгий,Фёдорович,без специальности,лечащий врач
Пыпыкина,Дарья,Егоровна,терапевт,врач
Кайтанов,Максим,Адамович,хирург,медсестра
Тюрморезов,Андрей,Юриевич,психолог,медсестра
Ахремин,Андрей,Тимофеевич,невролог,медсестра
Мощина,Карина,Богдановна,психолог,врач
Тураев,Аркадий,Кириллович,хирург,ассистент
Оборина,Ольга,Борисовна,психиатор,ассистент
Пырникова,Мария,Олеговна,без специальности,лечащий врач
Вирковская,Елена,Алексеевна,психиатор,медсестра
Шубелева,Надежда,Михайловна,без специальности,лечащий врач
Непряжина,Ирина,Федоровна,психолог,врач
Гупкова,Валерия,Аркадьевна,без специальности,лечащий врач
Валюгин,Кирилл,Данилович,психиатор,ассистент
Просолупов,Владислав,Фёдорович,без специальности,ассистент
Гурджин,Никита,Юрьевич,психиатор,врач
Накозин,Дмитрий,Алексеевич,психиатор,врач
Миларев,Александр,Аркадиевич,психиатор,медсестра
Агудов,Иван,Алексиевич,невролог,лечащий врач
Корсаков,Михаил,Леонидович,психиатор,лечащий врач
Соборова,Вероника,Кирилловна,без специальности,лечащий врач
Чушин,Валентин,Данилович,терапевт,врач
Моисейцева,Елизавета,Яковлевна,терапевт,лечащий врач
Кузенкова,Елизавета,Петровна,психиатор,ассистент
Латинцев,Михаил,Иванович,психолог,медсестра
Хандобина,Любовь,Дмитриевна,невролог,лечащий врач
Агаджанов,Андрей,Тимофеевич,психиатор,ассистент
Кудрятова,Виолетта,Василевна,психиатор,медсестра
Железнева,Вера,Кирилловна,невролог,медсестра
Федарцев,Иван,Павлович,психолог,медсестра
Андиреева,Яна,Евгеньевна,без специальности,ассистент
Харьнин,Игорь,Виталиевич,хирург,лечащий врач
Папугина,Маргарита,Эдуардовна,невролог,медсестра
Натова,Наталья,Петровна,без специальности,медсестра
Чермных,Кристина,Федоровна,терапевт,медсестра
Ходякова,Ева,Игоревна,психиатор,ассистент
Шлястин,Владимир,Георгиевич,психиатор,медсестра
Чувыкин,Валерий,Юрьевич,невролог,лечащий врач
Айтова,Евгения,Егоровна,психолог,врач
Шелковых,Михаил,Адамович,терапевт,лечащий врач
Капунцев,Герасим,Романович,хирург,медсестра
Шатырев,Яков,Валериевич,хирург,врач
Аканин,Валентин,Юрьевич,психиатор,лечащий врач
Хамова,Тамара,Кирилловна,психолог,медсестра
Левушева,Наталия,Никитична,хирург,врач
Прагов,Максим,Романович,хирург,врач
Шумлянская,Софья,Олеговна,невролог,лечащий врач
Попадьин,Анатолий,Иванович,психиатор,ассистент
Ладченкова,Яна,Аркадьевна,психолог,врач
Арламенков,Вадим,Иванович,терапевт,медсестра
Раньков,Андрей,Иванович,невролог,врач
Чаплина,Светлана,Максимовна,без специальности,лечащий врач
Сальккева,Алина,Федоровна,без специальности,врач
Колотова,Анастасия,Богдановна,психиатор,медсестра
Свистелина,Зинаида,Егоровна,терапевт,лечащий врач
Ивочкин,Евгений,Алексиевич,терапевт,лечащий врач
Постелова,Лиза,Богдановна,психолог,ассистент
Максейкина,Маргарита,Ивановна,невролог,лечащий врач
Юцков,Станислав,Олегович,хирург,медсестра
Песковский,Олег,Андреевич,психиатор,медсестра
Таланухин,Владимир,Тимофеевич,психолог,медсестра
Аниконов,Аркадий,Алексеевич,без специальности,врач
Бохтиярова,Анастасия,Федоровна,хирург,ассистент
Раллева,Елизавета,Петровна,невролог,лечащий врач
Гордеенков,Денис,Юрьевич,без специальности,медсестра
Лятифов,Артур,Романович,хирург,медсестра
Мунасынова,Алена,Андреевна,психиатор,врач
Шехватова,Ирина,Петровна,психиатор,медсестра
Марахов,Алексей,Тимофеевич,психолог,медсестра
Негреев,Павел,Петрович,без специальности,ассистент
Светлакова,Анна,Егоровна,без специальности,ассистент
Нелин,Олег,Яковлевич,хирург,лечащий врач
Жираров,Георгий,Виталиевич,психиатор,врач
Гаркова,Клавдия,Викторовна,терапевт,ассистент
Вещенков,Владислав,Андреевич,психолог,лечащий врач
Козодуев,Альберт,Алексеевич,терапевт,медсестра
Пинаичева,Яна,Сергеевна,невролог,ассистент
Гольянова,Катерина,Егоровна,психолог,врач
Макцутова,Ева,Богдановна,психолог,ассистент
Тугова,Марина,Вадимовна,хирург,ассистент
Моняхина,Алина,Валерьевна,психолог,врач
Прокутина,Екатерина,Максимовна,невролог,медсестра
Брюкова,Катерина,Егоровна,психолог,медсестра
Гулякова,Зинаида,Кирилловна,терапевт,лечащий врач
Дедушкин,Федор,Олегович,терапевт,врач
Тартыгина,Наталья,Кирилловна,психолог,медсестра
Разгоняев,Артур,Викторович,терапевт,медсестра
Воейкин,Евгений,Павлович,психолог,медсестра
Бантикова,Светлана,Богдановна,терапевт,ассистент
Джанибеков,Олег,Борисович,хирург,лечащий врач
Спипанова,Наталья,Игоревна,психиатор,врач
Прошенков,Вадим,Петрович,психолог,лечащий врач
Саликаев,Эдуард,Павлович,психолог,врач
Пуминов,Руслан,Юриевич,хирург,врач
Меличева,Жанна,Максимовна,невролог,врач
Бедков,Константин,Борисович,психолог,врач
Мумлина,Евгения,Богдановна,терапевт,медсестра
Колемагина,Вера,Валерьевна,невролог,медсестра
Чуриканов,Аркадий,Юриевич,психолог,ассистент
Ворошина,Полина,Петровна,психиатор,лечащий врач
Полторухин,Роман,Леонидович,психиатор,лечащий врач
Прутова,Виктория,Олеговна,невролог,врач
Аглюллин,Василий,Юриевич,невролог,лечащий врач
Пачина,Александра,Аркадьевна,терапевт,медсестра
Шофеева,Катерина,Дмитриевна,психиатор,ассистент
Безручкин,Вячеслав,Леонидович,терапевт,ассистент
Подливаева,Юлия,Сергеевна,хирург,лечащий врач
Апифанов,Ярослав,Кириллович,без специальности,медсестра
Рубахова,Алёна,Дмитриевна,хирург,врач
Ахмаров,Степан,Юриевич,терапевт,ассистент
Пыткеева,Евгения,Эдуардовна,психиатор,медсестра
Альшевский,Алексей,Иванович,без специальности,медсестра
Уленгов,Пётр,Евгеньевич,психиатор,медсестра
Бещев,Никита,Игоревич,терапевт,ассистент
Цапакина,Наталья,Вадимовна,психолог,врач
Заборцев,Александр,Романович,хирург,врач
Рошовский,Станислав,Михаилович,терапевт,медсестра
Разуванов,Роман,Кириллович,психиатор,ассистент
Юнаковский,Роман,Павлович,без специальности,врач
Боровских,Антон,Денисович,терапевт,ассистент
Анжелова,Лиза,Борисовна,хирург,ассистент
Багренина,Валерия,Эдуардовна,терапевт,лечащий врач
Патовкин,Артём,Адамович,без специальности,лечащий врач
Кирницкая,Катерина,Петровна,без специальности,лечащий врач
Фрулев,Георгий,Евгеньевич,психолог,медсестра
Дунских,Владислав,Леонидович,психиатор,ассистент
Ивонинская,Галина,Никитична,хирург,ассистент
Маслюкова,Алла,Борисовна,психиатор,врач
Палютин,Пётр,Антонович,психиатор,ассистент
Фантаева,Ксения,Петровна,без специальности,ассистент
Шепякова,Юлия,Николаевна,невролог,врач
Тунгускова,Наталия,Ивановна,психиатор,ассистент
Снеткова,Ирина,Яковлевна,хирург,лечащий врач
Буробина,Наталия,Евгеньевна,психиатор,медсестра
Федонова,Полина,Федоровна,психиатор,ассистент
Ряжков,Андрей,Петрович,невролог,ассистент
Авданкина,Любовь,Яковлевна,психолог,врач
Отмузов,Павел,Юрьевич,терапевт,медсестра
Кисихин,Виталий,Борисович,невролог,ассистент
Безруких,Оксана,Алексеевна,без специальности,ассистент
Порошкин,Пётр,Тимофеевич,невролог,медсестра
Шарафиева,Полина,Ивановна,психиатор,ассистент
Эфроимский,Артём,Адамович,психиатор,медсестра
Нарольский,Роман,Виталиевич,психолог,медсестра
Боечина,Маргарита,Федоровна,без специальности,лечащий врач
Радина,Полина,Ивановна,невролог,лечащий врач
Вилков,Степан,Максимович,без специальности,врач
Опаринский,Владислав,Фёдорович,без специальности,лечащий врач
Теровкина,Виолетта,Яковлевна,хирург,врач
Вертелов,Эдуард,Максимович,хирург,медсестра
Столбцова,Надежда,Яковлевна,психиатор,медсестра
Жеребцова,Клавдия,Вадимовна,без специальности,врач
Паюрцева,Катерина,Аркадьевна,невролог,ассистент
Разумных,Степан,Фёдорович,психолог,медсестра
Улупов,Эдуард,Иванович,психиатор,медсестра
Шальская,Вероника,Федоровна,психиатор,лечащий врач
Тихмянова,Вера,Ивановна,психолог,врач
Файласова,Вера,Леонидовна,невролог,лечащий врач
Бобаева,Анастасия,Николаевна,психолог,лечащий врач
Племяшова,Алина,Яковлевна,без специальности,лечащий врач
Магерамов,Илья,Леонидович,психиатор,медсестра
Швакина,Наталья,Федоровна,психолог,лечащий врач
Завельский,Олег,Павлович,без специальности,врач
Бахтияров,Эдуард,Борисович,психолог,медсестра
Самолов,Федор,Адамович,психолог,ассистент
Босивская,Елизавета,Василевна,психиатор,лечащий врач
Куронов,Илья,Денисович,без специальности,медсестра
Мазурин,Денис,Аркадиевич,невролог,ассистент
Мосонова,Александра,Аркадьевна,психолог,медсестра
Пышечкина,Кристина,Ивановна,терапевт,врач
Смошков,Юрий,Антонович,невролог,врач
Рурукин,Анатолий,Михаилович,невролог,ассистент
Битов,Константин,Олегович,невролог,врач
Коземирова,Дарья,Николаевна,психолог,лечащий врач
Святцев,Валентин,Сергеевич,терапевт,медсестра
Дульников,Станислав,Аркадиевич,без специальности,медсестра
Емагев,Михаил,Вадимович,без специальности,медсестра
Гвина,Виолетта,Романовна,терапевт,ассистент
Бороничев,Илья,Евгеньевич,терапевт,лечащий врач
Штернова,Ирина,Михайловна,невролог,лечащий врач
Думшикова,Дарья,Романовна,без специальности,врач
Гомбожапов,Василий,Викторович,терапевт,медсестра
Аратов,Иван,Николаевич,терапевт,медсестра
Кожмякова,Марина,Романовна,психолог,ассистент
Штарева,Евгения,Андреевна,психолог,лечащий врач
Ватолин,Тарас,Фёдорович,без специальности,врач
Пеирова,Ксения,Николаевна,психиатор,ассистент
Гуртавцева,Дарья,Аркадьевна,хирург,медсестра
Каденнова,Вероника,Ивановна,терапевт,медсестра
Буторова,Виктория,Максимовна,психолог,врач
Алубаев,Павел,Борисович,невролог,ассистент
Замилов,Руслан,Павлович,психиатор,медсестра
Ковякин,Михаил,Викторович,психиатор,ассистент
Шалабодов,Пётр,Василиевич,терапевт,врач
Казинина,Юлия,Эдуардовна,без специальности,врач
Клиницкая,Людмила,Алексеевна,невролог,медсестра
Яримов,Антон,Максимович,психиатор,медсестра
Симдямкина,Светлана,Николаевна,психолог,лечащий врач
Тамайкина,Алла,Борисовна,психолог,лечащий врач
Чугунков,Максим,Михаилович,хирург,врач
Саплинов,Павел,Василиевич,психолог,лечащий врач
Хранов,Николай,Адамович,без специальности,лечащий врач
Обьезднова,Елена,Николаевна,без специальности,лечащий врач
Негибина,Анастасия,Вадимовна,невролог,ассистент
Поличев,Артём,Юрьевич,невролог,ассистент
Тарарушина,София,Петровна,хирург,врач
Лакасова,Елизавета,Богдановна,психолог,медсестра
Пиянина,Виктория,Яковлевна,психиатор,ассистент
Белюшев,Альберт,Кириллович,без специальности,врач
Базжин,Илья,Павлович,психиатор,лечащий врач
Лункин,Владислав,Леонидович,психиатор,медсестра
Черновалов,Семён,Валериевич,психиатор,медсестра
Готовуев,Герасим,Георгиевич,хирург,врач
Жгилев,Герасим,Данилович,невролог,ассистент
Могунова,Раиса,Егоровна,психиатор,медсестра
Россенков,Леонид,Тимофеевич,психолог,медсестра
Перцев,Валерий,Тимофеевич,терапевт,лечащий врач
Соломатов,Александр,Виталиевич,хирург,врач
Мануркина,Алёна,Олеговна,терапевт,врач
Мусонова,Людмила,Андреевна,психолог,ассистент
Никишечев,Виктор,Максимович,психолог,ассистент
Суранов,Илья,Леонидович,терапевт,лечащий врач
Ислентьев,Антон,Тимофеевич,невролог,лечащий врач
Алаудинова,Ева,Кирилловна,терапевт,ассистент
Хальнов,Андрей,Романович,невролог,врач
Легецкая,Екатерина,Михайловна,психолог,ассистент
Енисеев,Кирилл,Евгеньевич,психиатор,врач
Потакин,Ярослав,Юрьевич,невролог,врач
Желубалин,Дмитрий,Василиевич,хирург,медсестра
Гутарин,Иван,Юриевич,невролог,ассистент
Конверская,Клара,Николаевна,терапевт,врач
Симдянов,Георгий,Тимофеевич,психолог,ассистент
Булатецкая,Алиса,Максимовна,хирург,медсестра
Бекленищев,Владимир,Тимофеевич,психолог,врач
Валяшкина,Юлия,Василевна,терапевт,врач
Тянина,Яна,Романовна,хирург,врач
Ганькин,Павел,Тимофеевич,психолог,лечащий врач
Валевцева,Елизавета,Андреевна,без специальности,врач
Гарбузова,Лариса,Борисовна,терапевт,ассистент
Дацев,Руслан,Иванович,психолог,ассистент
Зедгенизов,Степан,Сергеевич,терапевт,лечащий врач
Данькова,Мария,Николаевна,терапевт,врач
Царюткина,Елена,Игоревна,психиатор,ассистент
Перченков,Максим,Евгеньевич,психиатор,медсестра
Расева,Елизавета,Федоровна,без специальности,ассистент
Юрищева,Валентина,Романовна,терапевт,ассистент
Лоев,Герасим,Денисович,психиатор,лечащий врач
Ворожцова,Тамара,Вадимовна,терапевт,ассистент
Тигарева,Лиза,Романовна,психиатор,ассистент
Гричанина,Клавдия,Аркадьевна,психиатор,врач
Хрупилина,Инна,Петровна,психиатор,медсестра
Момзырев,Александр,Юрьевич,психиатор,врач
Дапкина,Ксения,Валерьевна,психиатор,ассистент
Килигова,Мария,Эдуардовна,невролог,ассистент
Аштиева,Катерина,Дмитриевна,психиатор,медсестра
Паластина,Раиса,Егоровна,невролог,врач
Бахметьева,Надежда,Романовна,психиатор,лечащий врач
Ченксева,Кристина,Ивановна,терапевт,ассистент
Ревкина,Алёна,Федоровна,психолог,медсестра
Пурсанов,Никита,Тимофеевич,хирург,врач
Гульянова,Маргарита,Аркадьевна,терапевт,медсестра
Беледева,Вера,Николаевна,психиатор,медсестра
Шалынкин,Степан,Тимофеевич,хирург,лечащий врач
Покалюхин,Леонид,Олегович,невролог,медсестра
Пунякина,Елена,Викторовна,невролог,врач
Бармакина,Виолетта,Максимовна,хирург,ассистент
Акчурина,Алена,Михайловна,психиатор,ассистент
Лихневский,Олег,Николаевич,психиатор,врач
Шмыгина,Валерия,Егоровна,психолог,врач
Кальдина,Алина,Борисовна,терапевт,ассистент
Лесников,Борис,Максимович,без специальности,лечащий врач
Проверов,Артём,Денисович,психиатор,медсестра
Гелиев,Никита,Николаевич,психиатор,врач
Корыстова,Лариса,Леонидовна,хирург,врач
Пахтусова,Валерия,Василевна,психолог,медсестра
Поникина,Алла,Василевна,психолог,лечащий врач
Дунов,Ярослав,Петрович,хирург,врач
Бакапова,Алена,Федоровна,невролог,лечащий врач
Балицкая,Евгения,Олеговна,хирург,лечащий врач
Ильчова,Надежда,Игоревна,невролог,медсестра
Цыбов,Тарас,Игоревич,хирург,лечащий врач
Салагин,Дмитрий,Тимофеевич,без специальности,медсестра
Глурикова,Евгения,Олеговна,терапевт,врач
Штранина,Алина,Василевна,психиатор,ассистент
Изияев,Семён,Тимофеевич,терапевт,ассистент
Чембулатов,Пётр,Виталиевич,терапевт,медсестра
Колмыков,Аркадий,Викторович,психиатор,врач
Лавдонская,Инна,Яковлевна,без специальности,врач
Лалетин,Семён,Петрович,без специальности,медсестра
Пассонина,Елизавета,Романовна,хирург,лечащий врач
Оболонкова,Валентина,Алексеевна,хирург,ассистент
Строчанов,Тарас,Максимович,невролог,медсестра
Шзамова,Дарья,Богдановна,невролог,медсестра
Писина,Александра,Андреевна,без специальности,медсестра
Котломина,Любовь,Евгеньевна,психолог,медсестра
Горицкова,Ольга,Максимовна,без специальности,ассистент
Шильнова,Ирина,Михайловна,без специальности,ассистент
Геретаев,Руслан,Юрьевич,терапевт,врач
Чуруксаева,Елена,Петровна,хирург,медсестра
Копнинов,Пётр,Василиевич,психиатор,медсестра
Жиповских,Никита,Николаевич,психиатор,медсестра
Балтынский,Николай,Алексеевич,хирург,лечащий врач
Пышонкина,Карина,Викторовна,психиатор,медсестра
Нарзыкулов,Илья,Кириллович,психолог,медсестра
Абуденков,Артур,Аркадиевич,невролог,ассистент
Винарская,Наталия,Эдуардовна,без специальности,врач
Болховский,Вадим,Андреевич,хирург,врач
Прыгина,Юлия,Викторовна,терапевт,ассистент
Любушкин,Василий,Адамович,хирург,лечащий врач
Агиев,Эдуард,Денисович,психиатор,ассистент
Повагин,Геннадий,Николаевич,психолог,медсестра
Легеев,Владислав,Кириллович,без специальности,лечащий врач
Лякишев,Василий,Виталиевич,невролог,лечащий врач
Саварсков,Руслан,Адамович,психиатор,медсестра
Жижинова,София,Никитична,терапевт,ассистент
Небольсина,Алёна,Яковлевна,невролог,медсестра
Бочалдин,Эдуард,Иванович,без специальности,медсестра
Гудничев,Геннадий,Андреевич,психолог,ассистент
Уродовских,Лариса,Борисовна,невролог,ассистент
Дудинцева,Анна,Аркадьевна,невролог,медсестра
Грузов,Тарас,Олегович,терапевт,лечащий врач
Карапузкин,Максим,Андреевич,психиатор,лечащий врач
Щипковская,Софья,Евгеньевна,психиатор,врач
Евлашев,Олег,Юрьевич,терапевт,врач
Михенчева,Катерина,Викторовна,без специальности,медсестра
Куникина,Елена,Николаевна,психиатор,врач
Боржков,Игорь,Тимофеевич,невролог,лечащий врач
Ашимова,Анна,Михайловна,терапевт,врач
Лобусева,Анастасия,Никитична,без специальности,лечащий врач
Бабрицкая,Яна,Игоревна,терапевт,лечащий врач
Проказнов,Пётр,Юрьевич,терапевт,медсестра
Расинская,Елизавета,Михайловна,хирург,лечащий врач
Хританкова,Ольга,Романовна,психиатор,медсестра
Манаскина,Анастасия,Максимовна,невролог,медсестра
Адюкина,Елена,Евгеньевна,без специальности,лечащий врач
Шулепников,Семён,Иванович,хирург,ассистент
Дрижанов,Олег,Евгеньевич,психолог,врач
Костецкая,Евгения,Борисовна,без специальности,медсестра
Швалев,Николай,Яковлевич,психолог,врач
Крыськов,Федор,Вадимович,психолог,врач
Шалкин,Степан,Михаилович,хирург,врач
Алексюнина,Светлана,Ивановна,психиатор,ассистент
Токарский,Леонид,Валериевич,без специальности,медсестра
Казицын,Роман,Максимович,терапевт,врач
Пахтина,Лариса,Валерьевна,психолог,ассистент
Тесновская,Виолетта,Романовна,психиатор,ассистент
Ведяшкин,Максим,Алексеевич,без специальности,медсестра
Кугина,Марина,Максимовна,без специальности,ассистент
Празвицкая,Вероника,Олеговна,невролог,медсестра
Михальчева,Виктория,Дмитриевна,невролог,ассистент
Шпаленский,Николай,Виталиевич,без специальности,врач
Провов,Михаил,Георгиевич,невролог,медсестра
Шуйдин,Артём,Михаилович,терапевт,ассистент
Кабихина,Лиза,Федоровна,невролог,врач
Зиновьева,Полина,Борисовна,психолог,врач
Амершаев,Леонид,Николаевич,терапевт,лечащий врач
Микушов,Альберт,Георгиевич,психолог,врач
Просалкова,Яна,Алексеевна,терапевт,медсестра
Дьяканов,Пётр,Яковлевич,психиатор,ассистент
Акинкина,Надежда,Евгеньевна,психиатор,ассистент
Лахмоткин,Яков,Романович,хирург,медсестра
Гаюнькин,Илья,Сергеевич,терапевт,врач
Горшенина,Оксана,Максимовна,невролог,врач
Шангова,Анна,Никитична,невролог,врач
Анушов,Эдуард,Виталиевич,терапевт,врач
Мякушкин,Михаил,Фёдорович,без специальности,медсестра
Мищевская,Кира,Евгеньевна,невролог,врач
Сундурева,Алина,Игоревна,невролог,лечащий врач
Мурунова,Ирина,Кирилловна,психиатор,врач
Павлуцкая,Тамара,Алексеевна,терапевт,медсестра
Ошкина,Екатерина,Андреевна,невролог,лечащий врач
Юрокина,Вера,Андреевна,невролог,ассистент
Шелонская,Карина,Богдановна,хирург,врач
Неворотова,Светлана,Андреевна,психиатор,лечащий врач
Ангаров,Олег,Вадимович,терапевт,лечащий врач
Жидочков,Яков,Антонович,невролог,медсестра
Гальцын,Альберт,Кириллович,психолог,лечащий врач
Сеньчев,Роман,Павлович,хирург,врач
Гилаева,Оксана,Романовна,психиатор,медсестра
Ильячуева,Лиза,Егоровна,без специальности,лечащий врач
Калевский,Владимир,Леонидович,хирург,медсестра
Митерина,Дарья,Егоровна,терапевт,ассистент
Жирляков,Валентин,Аркадиевич,психиатор,ассистент
Рассадина,Лиза,Вадимовна,невролог,ассистент
Пролошина,Валентина,Федоровна,хирург,врач
Замытский,Альберт,Кириллович,без специальности,ассистент
Питалева,Полина,Викторовна,хирург,медсестра
Беляшин,Юрий,Алексеевич,без специальности,медсестра
Соляков,Тарас,Сергеевич,терапевт,лечащий врач
Ялалова,Кристина,Ивановна,хирург,врач
Алфимова,Дарья,Дмитриевна,невролог,врач
Путенков,Федор,Юрьевич,невролог,врач
Присягина,Юлия,Викторовна,терапевт,лечащий врач
Захлестин,Константин,Игоревич,невролог,медсестра
Глуховская,Клавдия,Михайловна,хирург,врач
Зыринова,Людмила,Алексеевна,психиатор,лечащий врач
Ростовский,Николай,Василиевич,терапевт,врач
Шепелин,Роман,Иванович,психолог,лечащий врач
Кульмизев,Леонид,Леонидович,невролог,врач
Котенина,Клара,Федоровна,терапевт,медсестра
Омиров,Алексей,Юриевич,без специальности,ассистент
Зберев,Андрей,Кириллович,невролог,ассистент
Бакурский,Леонид,Алексеевич,невролог,лечащий врач
Тачалкина,Анна,Эдуардовна,терапевт,ассистент
Самидинов,Антон,Викторович,невролог,ассистент
Полуштов,Георгий,Денисович,психиатор,медсестра
Бужлакова,Яна,Андреевна,невролог,врач
Китеченков,Андрей,Андреевич,без специальности,лечащий врач
Ижболдина,Вера,Василевна,хирург,медсестра
Крычина,Кира,Сергеевна,без специальности,медсестра
Таева,Валерия,Никитична,без специальности,врач
Азмайлова,Раиса,Андреевна,невролог,лечащий врач
Милев,Валентин,Юрьевич,без специальности,лечащий врач
Дардыкин,Ярослав,Данилович,без специальности,лечащий врач
Тушунова,Катерина,Петровна,терапевт,медсестра
Алхимова,Софья,Никитична,терапевт,врач
Заводнов,Валерий,Евгеньевич,невролог,лечащий врач
Займенцева,Клара,Игоревна,хирург,медсестра
Роговский,Тарас,Михаилович,терапевт,лечащий врач
Пашкаева,Анна,Петровна,без специальности,медсестра
Низамов,Станислав,Антонович,терапевт,врач
Колодников,Артур,Алексиевич,без специальности,врач
Стручнов,Максим,Денисович,терапевт,врач
Бабаринов,Василий,Данилович,невролог,ассистент
Шахирин,Иван,Петрович,терапевт,врач
Мовсинов,Иван,Максимович,невролог,медсестра
Красивых,Алла,Федоровна,психиатор,врач
Рущина,Алиса,Ивановна,терапевт,медсестра
Пухликов,Федор,Валериевич,психиатор,ассистент
Ромакин,Алексей,Олегович,психиатор,ассистент
Абрасокина,Юлия,Романовна,без специальности,медсестра
Юеодина,Яна,Никитична,хирург,лечащий врач
Ломнева,Надежда,Сергеевна,хирург,врач
Абдулхаев,Юрий,Денисович,психиатор,медсестра
Бусанкина,Анна,Василевна,без специальности,медсестра
Гонцова,Ольга,Дмитриевна,без специальности,ассистент
Асеенкова,Жанна,Игоревна,без специальности,врач
Кидиярова,Наталья,Кирилловна,без специальности,медсестра
Шабунов,Василий,Андреевич,психиатор,лечащий врач
Зюзгинова,Мария,Алексеевна,хирург,ассистент
Штульков,Вадим,Леонидович,невролог,ассистент
Едзиева,Валерия,Борисовна,терапевт,медсестра
Ибадулаев,Пётр,Леонидович,невролог,ассистент
Шеногин,Алексей,Антонович,хирург,ассистент
Басиров,Олег,Антонович,психиатор,медсестра
Суховалов,Вадим,Юриевич,психиатор,лечащий врач
Пардонова,Мария,Ивановна,хирург,врач
Коикин,Илья,Юрьевич,без специальности,медсестра
Саветина,Клара,Николаевна,психиатор,лечащий врач
Аменицкий,Андрей,Данилович,без специальности,врач
Усалиев,Михаил,Олегович,терапевт,врач
Шворина,Полина,Никитична,психиатор,врач
Салошина,Лариса,Кирилловна,психолог,лечащий врач
Жафяров,Константин,Василиевич,терапевт,медсестра
Падышев,Николай,Денисович,без специальности,ассистент
Хамизулин,Николай,Антонович,терапевт,лечащий врач
Гуламов,Валентин,Иванович,без специальности,медсестра
Асписов,Вадим,Петрович,психиатор,лечащий врач
Хизапов,Пётр,Виталиевич,хирург,медсестра
Вепринцев,Денис,Викторович,невролог,медсестра
Чупцова,Катерина,Яковлевна,хирург,врач
Калиникова,Ирина,Кирилловна,без специальности,медсестра
Митреичева,Людмила,Максимовна,психиатор,врач
Шибенкова,Инна,Егоровна,психолог,лечащий врач
Слутская,Маргарита,Петровна,хирург,врач
Пшенин,Яков,Михаилович,без специальности,врач
Лийцин,Роман,Иванович,без специальности,медсестра
Митиулина,София,Вадимовна,терапевт,врач
Налецкая,Вера,Петровна,терапевт,врач
Ненашева,Алина,Алексеевна,психиатор,врач
Кишин,Николай,Павлович,терапевт,ассистент
Любинский,Антон,Павлович,психолог,лечащий врач
Лоздовская,Наталия,Сергеевна,без специальности,медсестра
Слезавин,Ярослав,Данилович,невролог,лечащий врач
Мазепов,Валерий,Адамович,психиатор,медсестра
Демурин,Герасим,Николаевич,психиатор,врач
Юмашкина,Яна,Ивановна,без специальности,ассистент
Вортакова,Клавдия,Олеговна,без специальности,ассистент
Лузаков,Ярослав,Игоревич,психиатор,лечащий врач
Бушков,Вячеслав,Николаевич,невролог,ассистент
Кумарина,Катерина,Викторовна,терапевт,ассистент
Щирская,Валентина,Егоровна,хирург,врач
Кучурская,Галина,Никитична,терапевт,лечащий врач
Щеблыкина,Ева,Аркадьевна,психолог,ассистент
Мачтакова,Карина,Николаевна,хирург,врач
Хевролина,Ева,Петровна,психолог,врач
Безякин,Владислав,Данилович,психиатор,врач
Фенчева,Светлана,Богдановна,невролог,врач
Клевалин,Владислав,Кириллович,психиатор,врач
Вереникова,Кира,Яковлевна,терапевт,врач
Шниперова,Дарья,Богдановна,хирург,лечащий врач
Мадонова,Лариса,Аркадьевна,терапевт,лечащий врач
Лакутина,Любовь,Егоровна,психолог,лечащий врач
Анитова,Дарья,Николаевна,невролог,врач
Додулькина,Наталия,Николаевна,психолог,медсестра
Уфиркина,Виолетта,Федоровна,психиатор,ассистент
Беспелюхин,Вадим,Данилович,без специальности,медсестра
Серогнедов,Иван,Викторович,без специальности,медсестра
Зырянцева,Клара,Егоровна,хирург,ассистент
Бурлаева,Ольга,Валерьевна,невролог,лечащий врач
Ланшов,Григорий,Игоревич,терапевт,лечащий врач
Курдалин,Геннадий,Тимофеевич,хирург,лечащий врач
Простаков,Павел,Василиевич,невролог,ассистент
Моцарева,Юлия,Сергеевна,терапевт,ассистент
Вильдаков,Артём,Михаилович,хирург,лечащий врач
Дунаевская,Кристина,Михайловна,психолог,медсестра
Дубравова,Лариса,Викторовна,без специальности,лечащий врач
Секлитеева,Лариса,Ивановна,психолог,лечащий врач
Русачков,Станислав,Виталиевич,психиатор,медсестра
Шаблинская,Вера,Эдуардовна,терапевт,ассистент
Удочкин,Дмитрий,Тимофеевич,невролог,ассистент
Лунова,Полина,Викторовна,без специальности,ассистент
Мозокина,Виктория,Петровна,без специальности,медсестра
Юргунов,Леонид,Яковлевич,терапевт,врач
Мареичев,Андрей,Фёдорович,терапевт,медсестра
Парпаров,Георгий,Сергеевич,без специальности,ассистент
Панчехин,Виталий,Иванович,психиатор,лечащий врач
Пигхулова,Карина,Максимовна,без специальности,медсестра
Шлючков,Константин,Иванович,без специальности,медсестра
Костырина,Жанна,Андреевна,невролог,медсестра
Станкин,Георгий,Петрович,терапевт,ассистент
Кабыков,Максим,Игоревич,хирург,ассистент
Милькова,Юлия,Никитична,психолог,медсестра
Шарников,Никита,Викторович,психолог,врач
Шихматова,Тамара,Никитична,терапевт,врач
Варшавская,Наталия,Алексеевна,психолог,медсестра
Гравшина,Евгения,Богдановна,психолог,врач
Контышев,Эдуард,Алексеевич,терапевт,ассистент
Олегина,Любовь,Романовна,невролог,медсестра
Ширнина,София,Леонидовна,без специальности,лечащий врач
Карышев,Тарас,Максимович,хирург,лечащий врач
Ходюкина,Мария,Евгеньевна,психолог,лечащий врач
Имайкин,Андрей,Николаевич,невролог,медсестра
Умаленова,Алина,Михайловна,без специальности,лечащий врач
Христина,Тамара,Романовна,невролог,лечащий врач
Веретутин,Андрей,Иванович,невролог,медсестра
Красивский,Игорь,Иванович,психиатор,ассистент
Агафонова,Полина,Ивановна,без специальности,ассистент
Мятшкин,Аркадий,Романович,психолог,медсестра
Аноскина,Анастасия,Ивановна,невролог,медсестра
Цицарин,Константин,Виталиевич,без специальности,ассистент
Гурбанова,Клара,Никитична,без специальности,ассистент
Дворянкина,Вероника,Егоровна,хирург,лечащий врач
Искрова,Лариса,Михайловна,терапевт,врач
Амренова,Алиса,Максимовна,хирург,врач
Марморина,Ева,Сергеевна,хирург,лечащий врач
Поганцев,Илья,Юрьевич,хирург,ассистент
Паршунин,Степан,Иванович,без специальности,ассистент
Руцинский,Степан,Викторович,невролог,лечащий врач
Интякова,Клара,Леонидовна,без специальности,врач
Чемичов,Юрий,Тимофеевич,психиатор,врач
Батытин,Валерий,Антонович,терапевт,ассистент
Крошкина,Галина,Петровна,хирург,медсестра
Язончев,Виктор,Евгеньевич,без специальности,врач
Хрилев,Евгений,Адамович,невролог,медсестра
Обручнов,Яков,Фёдорович,психолог,ассистент
Коноплев,Максим,Евгеньевич,без специальности,ассистент
Бландшина,Валерия,Алексеевна,психолог,лечащий врач
Пригорнева,Катерина,Яковлевна,психолог,медсестра
Сахаренков,Геннадий,Адамович,невролог,ассистент
Буровцова,Елена,Андреевна,невролог,врач
Городиский,Георгий,Игоревич,без специальности,лечащий врач
Шагаева,Алина,Василевна,психиатор,лечащий врач
Индыков,Дмитрий,Викторович,хирург,ассистент
Миловацкая,Алиса,Кирилловна,невролог,медсестра
Жидоморова,Полина,Михайловна,без специальности,медсестра
Мапушкин,Алексей,Алексиевич,психиатор,медсестра
Панирин,Эдуард,Алексиевич,терапевт,медсестра
Насанов,Геннадий,Николаевич,невролог,лечащий врач
Пистунова,Виктория,Петровна,хирург,врач
Прончатова,Любовь,Петровна,без специальности,лечащий врач
Облачков,Яков,Юрьевич,без специальности,лечащий врач
Касауров,Никита,Романович,невролог,медсестра
Наврозов,Геннадий,Адамович,хирург,ассистент
Мацеева,Наталия,Олеговна,психиатор,лечащий врач
Якубасов,Яков,Михаилович,без специальности,лечащий врач
Соловиков,Леонид,Георгиевич,психолог,лечащий врач
Паунов,Ярослав,Евгеньевич,невролог,лечащий врач
Воронкина,Дарья,Дмитриевна,хирург,лечащий врач
Мясоедов,Юрий,Адамович,терапевт,медсестра
Курнаева,Алла,Игоревна,хирург,лечащий врач
Котенков,Альберт,Николаевич,невролог,лечащий врач
Головешкин,Вадим,Андреевич,без специальности,медсестра
Лемешкин,Степан,Георгиевич,хирург,ассистент
Вьюженина,Вера,Игоревна,хирург,лечащий врач
Смушков,Константин,Евгеньевич,без специальности,ассистент
Трифанов,Михаил,Борисович,терапевт,медсестра
Дианова,Алёна,Николаевна,психолог,ассистент
Ходнев,Игорь,Михаилович,психиатор,врач
Непомнящих,Константин,Фёдорович,психолог,ассистент
Тимошинин,Тарас,Олегович,психиатор,ассистент
Сепханова,Алиса,Эдуардовна,без специальности,ассистент
Брегалова,Зинаида,Богдановна,терапевт,ассистент
Железкина,София,Никитична,без специальности,лечащий врач
Калайдина,Клара,Егоровна,невролог,медсестра
Машенских,Ольга,Егоровна,психолог,лечащий врач
Панчекин,Андрей,Юрьевич,невролог,медсестра
Сердягин,Дмитрий,Антонович,хирург,медсестра
Юськаева,Ева,Евгеньевна,терапевт,лечащий врач
Тыртикова,Кира,Богдановна,терапевт,лечащий врач
Племенева,Жанна,Кирилловна,психиатор,ассистент
Кучуракова,Жанна,Эдуардовна,без специальности,медсестра
Ачалов,Ярослав,Павлович,без специальности,лечащий врач
Царбаев,Александр,Фёдорович,терапевт,лечащий врач
Рыбалина,Виолетта,Леонидовна,терапевт,медсестра
Приградова,Александра,Леонидовна,невролог,медсестра
Россолова,Юлия,Ивановна,невролог,лечащий врач
Унжакова,София,Олеговна,без специальности,лечащий врач
Олиферчин,Артём,Денисович,терапевт,ассистент
Кондрашин,Кирилл,Юриевич,терапевт,медсестра
Маликанова,Полина,Вадимовна,без специальности,медсестра
Фадеенков,Василий,Игоревич,психиатор,ассистент
Найданов,Дмитрий,Данилович,психиатор,врач
Солнышкин,Аркадий,Юрьевич,невролог,лечащий врач
Кимарцева,Юлия,Романовна,психиатор,медсестра
Сумерин,Артём,Аркадиевич,хирург,ассистент
Лашукова,Катерина,Алексеевна,психиатор,медсестра
Чвилева,Клавдия,Эдуардовна,без специальности,лечащий врач
Вольвачев,Максим,Василиевич,психолог,лечащий врач
Галанов,Яков,Алексеевич,без специальности,лечащий врач
Кутынцева,Юлия,Евгеньевна,без специальности,лечащий врач
Насиров,Вячеслав,Андреевич,психиатор,лечащий врач
Грумбков,Илья,Игоревич,невролог,ассистент
Затягина,Клавдия,Михайловна,психолог,лечащий врач
Зинягина,Людмила,Викторовна,психолог,лечащий врач
Мясумова,Инна,Олеговна,невролог,лечащий врач
Ханцеверов,Максим,Николаевич,без специальности,медсестра
Азымшина,Зинаида,Максимовна,психиатор,врач
Слохов,Евгений,Игоревич,невролог,врач
Вельмин,Иван,Евгеньевич,хирург,врач
Машкина,Екатерина,Кирилловна,хирург,медсестра
Куантова,Клавдия,Игоревна,психолог,медсестра
Бальных,Артём,Денисович,терапевт,врач
Шанаштаева,Дарья,Максимовна,терапевт,медсестра
Тырцева,Инна,Алексеевна,психолог,лечащий врач
Балобаев,Андрей,Денисович,терапевт,ассистент
Рапицкий,Вячеслав,Леонидович,психолог,медсестра
Беллев,Геннадий,Олегович,без специальности,врач
Козликин,Григорий,Виталиевич,без специальности,ассистент
Родимов,Григорий,Андреевич,невролог,ассистент
Кунавская,Раиса,Петровна,невролог,врач
Хохриков,Никита,Михаилович,без специальности,медсестра
Юрзикова,Любовь,Романовна,хирург,ассистент
Абрашитова,Виктория,Сергеевна,невролог,лечащий врач
Губейдулин,Александр,Евгеньевич,терапевт,лечащий врач
Маслин,Григорий,Юрьевич,невролог,медсестра
Торчилина,Клавдия,Романовна,хирург,лечащий врач
Водоливова,Мария,Богдановна,терапевт,врач
Санаков,Евгений,Сергеевич,без специальности,лечащий врач
Абарыкина,Клавдия,Аркадьевна,без специальности,лечащий врач
Касабабова,Елена,Евгеньевна,психиатор,ассистент
Тюктяев,Никита,Тимофеевич,хирург,врач
Бобрешова,Александра,Кирилловна,психолог,ассистент
Пуляева,Светлана,Кирилловна,невролог,ассистент
Шалдыбин,Николай,Игоревич,психолог,лечащий врач
Поликанова,Вероника,Михайловна,невролог,лечащий врач
Макушкина,Елизавета,Михайловна,психиатор,лечащий врач
Гузенкова,Инна,Богдановна,психолог,врач
Вильхова,Любовь,Яковлевна,хирург,врач
Плюгина,Людмила,Василевна,без специальности,лечащий врач
Товасиева,Ирина,Вадимовна,невролог,лечащий врач
Коргунов,Иван,Валериевич,невролог,врач
Балгина,Мария,Вадимовна,психиатор,лечащий врач
Комбарева,Ольга,Леонидовна,психолог,лечащий врач
Гульнов,Вадим,Леонидович,психолог,медсестра
Модягина,Виктория,Викторовна,невролог,лечащий врач
Межинская,Александра,Андреевна,психиатор,медсестра
Томарев,Дмитрий,Юрьевич,невролог,медсестра
Лусенков,Владислав,Тимофеевич,невролог,лечащий врач
Калатушкин,Виталий,Романович,невролог,ассистент
Шурынина,Тамара,Викторовна,невролог,медсестра
Игналеев,Дмитрий,Евгеньевич,психиатор,врач
Клычевская,Александра,Максимовна,хирург,ассистент
Далаев,Ярослав,Иванович,терапевт,лечащий врач
Локунов,Игорь,Михаилович,хирург,ассистент
Городскова,Марина,Федоровна,психиатор,ассистент
Коленикина,Любовь,Борисовна,терапевт,ассистент
Брюханский,Георгий,Андреевич,без специальности,врач
Курский,Станислав,Георгиевич,терапевт,лечащий врач
Прялухин,Ярослав,Максимович,психиатор,врач
Паржицкая,Дарья,Максимовна,хирург,лечащий врач
Колатанова,Оксана,Яковлевна,психолог,врач
Кигалова,Галина,Евгеньевна,невролог,врач
Каезерова,Анастасия,Евгеньевна,терапевт,ассистент
Биктемиров,Степан,Юрьевич,психолог,ассистент
Люлихина,Алёна,Кирилловна,терапевт,врач
Обжигина,Виктория,Леонидовна,хирург,врач
Дондукова,Валерия,Василевна,терапевт,ассистент
Сленченков,Иван,Аркадиевич,невролог,ассистент
Курсасов,Дмитрий,Денисович,терапевт,ассистент
Мищаков,Василий,Аркадиевич,хирург,ассистент
Умницкий,Андрей,Георгиевич,психиатор,ассистент
Нуранов,Яков,Вадимович,терапевт,врач
Гилимханов,Роман,Юрьевич,невролог,врач
Змеенков,Олег,Борисович,хирург,лечащий врач
Грызухина,Ева,Ивановна,хирург,лечащий врач
Рекушина,Юлия,Вадимовна,хирург,лечащий врач
Лубинская,Оксана,Богдановна,психолог,ассистент
Шальпяков,Георгий,Андреевич,психиатор,врач
Галушкова,Светлана,Федоровна,без специальности,ассистент
Кучьмин,Владислав,Валериевич,терапевт,лечащий врач
Шидакова,Александра,Андреевна,психиатор,лечащий врач
Куленкова,Надежда,Игоревна,психолог,лечащий врач
Нарпиенков,Григорий,Антонович,психиатор,медсестра
Такаев,Анатолий,Адамович,психиатор,лечащий врач
Гирьева,Софья,Михайловна,без специальности,ассистент
Шкурецкий,Андрей,Аркадиевич,терапевт,врач
Клушенцова,Анастасия,Егоровна,психолог,врач
Махлюева,Алина,Валерьевна,без специальности,врач
Голдырев,Денис,Романович,без специальности,медсестра
Губашева,Наталия,Николаевна,невролог,лечащий врач
Куркин,Роман,Юриевич,хирург,ассистент
Забалева,Зинаида,Кирилловна,психиатор,ассистент
Махринский,Алексей,Кириллович,психиатор,медсестра
Новизенцев,Андрей,Тимофеевич,невролог,врач
Юмина,Алина,Романовна,невролог,медсестра
Бичуева,Наталья,Борисовна,психиатор,ассистент
Самотохин,Герасим,Михаилович,терапевт,медсестра
Шавергина,Жанна,Василевна,без специальности,ассистент
Морясин,Антон,Юрьевич,хирург,лечащий врач
Аннаев,Валерий,Павлович,психиатор,лечащий врач
Гаганичев,Герасим,Василиевич,терапевт,ассистент
Банкузов,Виталий,Аркадиевич,хирург,врач
Абаляев,Геннадий,Андреевич,терапевт,ассистент
Железнова,Александра,Кирилловна,психолог,лечащий врач
Гапанов,Валерий,Василиевич,психолог,лечащий врач
Деметкина,Алиса,Андреевна,терапевт,врач
Тришин,Григорий,Валериевич,психолог,лечащий врач
Чугункин,Максим,Михаилович,терапевт,медсестра
Белосохов,Константин,Сергеевич,психолог,врач
Алташина,Галина,Богдановна,хирург,врач
Сентерева,Алла,Леонидовна,невролог,ассистент
Огиевецкий,Геннадий,Данилович,без специальности,лечащий врач
Кергенцева,Валерия,Егоровна,без специальности,медсестра
Мратова,Жанна,Эдуардовна,без специальности,ассистент
Зайковская,Анастасия,Олеговна,психолог,врач
Умаленова,Софья,Максимовна,терапевт,медсестра
Качкуров,Геннадий,Кириллович,терапевт,лечащий врач
Ребчинский,Алексей,Фёдорович,психиатор,ассистент
Тащилкин,Федор,Павлович,терапевт,лечащий врач
Смолинов,Виталий,Андреевич,хирург,врач
Быльков,Борис,Адамович,хирург,врач
Миразимов,Артём,Денисович,хирург,лечащий врач
Акинышин,Аркадий,Виталиевич,хирург,врач
Ясменева,Инна,Евгеньевна,без специальности,врач
Барицкий,Андрей,Тимофеевич,терапевт,врач
Семашкова,Алла,Викторовна,хирург,медсестра
Натачаев,Герасим,Вадимович,психиатор,медсестра
Кдиленкова,Анна,Никитична,без специальности,медсестра
Сахарников,Яков,Данилович,психиатор,ассистент
Волосовцев,Виктор,Иванович,психиатор,лечащий врач
Шахмаева,Кристина,Петровна,без специальности,ассистент
Лобковский,Никита,Юриевич,психолог,медсестра
Турочкин,Станислав,Евгеньевич,невролог,ассистент
Фраенова,Маргарита,Алексеевна,психиатор,медсестра
Аноскин,Тарас,Николаевич,терапевт,лечащий врач
Каснерская,Алла,Игоревна,психолог,лечащий врач
Малюев,Артём,Юрьевич,психиатор,медсестра
Потюкова,Клара,Никитична,хирург,медсестра
Цикалов,Вадим,Михаилович,невролог,лечащий врач
Шелепнева,Клара,Яковлевна,хирург,лечащий врач
Асафьев,Степан,Тимофеевич,невролог,медсестра
Бабурчина,Галина,Валерьевна,психолог,ассистент
Потросова,Зинаида,Максимовна,хирург,ассистент
Саввичев,Борис,Леонидович,психолог,врач
Альбердина,Катерина,Валерьевна,психиатор,ассистент
Барилов,Эдуард,Алексиевич,терапевт,ассистент
Лянева,Карина,Викторовна,хирург,ассистент
Булгарова,Ева,Сергеевна,терапевт,медсестра
Галых,Катерина,Дмитриевна,психолог,врач
Смотраев,Роман,Тимофеевич,без специальности,ассистент
Хутулев,Вячеслав,Андреевич,без специальности,медсестра
Чеваков,Михаил,Аркадиевич,без специальности,медсестра
Чутов,Михаил,Денисович,хирург,медсестра
Корнилова,Юлия,Егоровна,терапевт,медсестра
Броздинова,Лиза,Валерьевна,хирург,ассистент
Повзиков,Евгений,Михаилович,хирург,ассистент
Эшалиева,Софья,Федоровна,невролог,лечащий врач
Пикунов,Михаил,Романович,психиатор,ассистент
Ледяшова,Галина,Евгеньевна,терапевт,ассистент
Чунтонов,Федор,Сергеевич,психиатор,ассистент
Солминова,Жанна,Василевна,невролог,медсестра
Расеев,Андрей,Денисович,без специальности,ассистент
Можеев,Яков,Георгиевич,психолог,ассистент
Кочебуров,Эдуард,Георгиевич,психолог,врач
Финодина,Алёна,Олеговна,хирург,ассистент
Апанасова,Галина,Романовна,терапевт,лечащий врач
Эльбегова,Полина,Борисовна,психиатор,медсестра
Наврацкая,Ирина,Викторовна,хирург,медсестра
Храповиков,Станислав,Алексиевич,без специальности,лечащий врач
Бороздов,Альберт,Аркадиевич,психиатор,медсестра
Сафрашина,Ксения,Сергеевна,невролог,врач
Пичурин,Леонид,Павлович,хирург,ассистент
Строенова,Раиса,Михайловна,психолог,ассистент
Баронов,Владислав,Борисович,психиатор,лечащий врач
Фадекова,Ольга,Игоревна,психолог,медсестра
Суплотов,Денис,Сергеевич,терапевт,лечащий врач
Покирова,Любовь,Ивановна,терапевт,врач
Ильеняев,Василий,Романович,без специальности,ассистент
Шавленкова,Кира,Эдуардовна,без специальности,лечащий врач
Бисонова,Алина,Вадимовна,без специальности,ассистент
Мелинников,Константин,Кириллович,невролог,врач
Варков,Герасим,Максимович,хирург,врач
Вороханова,Анастасия,Эдуардовна,без специальности,медсестра
Щавелина,Зинаида,Михайловна,невролог,врач
Утепков,Альберт,Юрьевич,терапевт,ассистент
Хатимова,Наталия,Леонидовна,хирург,медсестра
Кузищина,Маргарита,Дмитриевна,без специальности,ассистент
Козарин,Артём,Антонович,психиатор,лечащий врач
Мелотков,Кирилл,Данилович,без специальности,медсестра
Шомилина,Дарья,Федоровна,психиатор,медсестра
Евсигнеев,Геннадий,Петрович,терапевт,лечащий врач
Дрипенкина,Алла,Кирилловна,психиатор,медсестра
Демыгин,Яков,Алексеевич,без специальности,ассистент
Мясковский,Владислав,Юрьевич,психолог,медсестра
Апенина,Ольга,Евгеньевна,без специальности,лечащий врач
Разинькин,Артур,Петрович,терапевт,ассистент
Мамыков,Владислав,Антонович,хирург,медсестра
Карпицкий,Юрий,Иванович,хирург,медсестра
Патаров,Андрей,Кириллович,терапевт,врач
Щзелиняев,Николай,Борисович,психиатор,ассистент
Сагунев,Василий,Алексеевич,психиатор,ассистент
Докучев,Игорь,Романович,невролог,врач
Пшонин,Валентин,Василиевич,психолог,лечащий врач
Искорнев,Пётр,Алексеевич,психолог,медсестра
Алепилов,Георгий,Вадимович,хирург,медсестра
Вахоркина,Ксения,Василевна,невролог,ассистент
Хомичкова,Надежда,Алексеевна,невролог,ассистент
Рогушев,Пётр,Михаилович,невролог,медсестра
Малюшина,Алена,Олеговна,хирург,медсестра
Птицин,Федор,Антонович,хирург,врач
Киньков,Виталий,Виталиевич,хирург,врач
Тышковский,Валентин,Николаевич,без специальности,лечащий врач
Рекстин,Геннадий,Петрович,терапевт,лечащий врач
Биктеева,Галина,Леонидовна,психиатор,ассистент
Пузакин,Аркадий,Михаилович,терапевт,лечащий врач
Чекаткова,Алла,Ивановна,психиатор,ассистент
Петухова,Катерина,Никитична,психиатор,ассистент
Штурнева,Галина,Максимовна,хирург,медсестра
Висюхина,Екатерина,Никитична,психиатор,медсестра
Корнышкова,Любовь,Дмитриевна,психиатор,лечащий врач
Докарева,Клара,Борисовна,психиатор,врач
Сохина,Катерина,Василевна,психиатор,врач
Аллидлова,Ксения,Яковлевна,психолог,медсестра
Вылягжанин,Максим,Георгиевич,хирург,лечащий врач
Липскеров,Илья,Адамович,хирург,медсестра
Загубина,Кира,Никитична,хирург,врач
Шачнев,Михаил,Викторович,хирург,ассистент
Воскобоева,Анна,Аркадьевна,невролог,медсестра
Рожанцев,Владислав,Кириллович,без специальности,лечащий врач
Гирелов,Геннадий,Адамович,психолог,ассистент
Ципкина,Наталья,Андреевна,невролог,медсестра
Сукнов,Артём,Игоревич,психолог,ассистент
Пенкова,Ева,Егоровна,психолог,лечащий врач
Сыровикин,Владислав,Иванович,психиатор,ассистент
Сапожкова,Ева,Андреевна,невролог,врач
Бакоренков,Олег,Игоревич,без специальности,врач
Мирнов,Дмитрий,Петрович,психолог,лечащий врач
Миракова,Кристина,Николаевна,невролог,врач
Стужин,Григорий,Андреевич,без специальности,врач
Кузевлев,Евгений,Иванович,терапевт,врач
Шкондина,Марина,Егоровна,без специальности,ассистент
Светочева,Галина,Игоревна,терапевт,ассистент
Тутуков,Виктор,Данилович,невролог,ассистент
Безмаев,Павел,Юриевич,невролог,лечащий врач
Шустелева,Наталья,Андреевна,терапевт,врач
Пендеева,Мария,Эдуардовна,хирург,врач
Вольшаков,Артём,Игоревич,психиатор,врач
Сидорычева,Валерия,Николаевна,невролог,медсестра
Лодинева,Валентина,Игоревна,терапевт,медсестра
Нуждихин,Михаил,Юрьевич,терапевт,лечащий врач
Провидухин,Алексей,Николаевич,психиатор,ассистент
Звезинцев,Юрий,Сергеевич,невролог,ассистент
Фурдецкий,Геннадий,Кириллович,психолог,лечащий врач
Милюсева,Людмила,Валерьевна,психолог,лечащий врач
Смецкая,Анна,Кирилловна,терапевт,врач
Хритошин,Игорь,Алексиевич,без специальности,медсестра
Молитвина,Мария,Алексеевна,хирург,медсестра
Мухарямов,Илья,Евгеньевич,без специальности,врач
Межиров,Виталий,Романович,без специальности,ассистент
Делянов,Валентин,Игоревич,психиатор,лечащий врач
Фиохин,Владимир,Данилович,невролог,медсестра
Агалецкий,Станислав,Евгеньевич,хирург,медсестра
Длогих,Дмитрий,Тимофеевич,без специальности,лечащий врач
Джабиров,Степан,Виталиевич,психиатор,медсестра
Гашешенков,Пётр,Адамович,психолог,лечащий врач
Мухтдинова,Виолетта,Никитична,терапевт,лечащий врач
Шатнов,Евгений,Данилович,без специальности,ассистент
Горкалов,Кирилл,Николаевич,психолог,ассистент
Михайкин,Аркадий,Борисович,без специальности,врач
Синовская,Алена,Василевна,психиатор,лечащий врач
Райкина,Любовь,Егоровна,невролог,лечащий врач
Соломатов,Вячеслав,Павлович,без специальности,медсестра
Яськов,Александр,Евгеньевич,невролог,медсестра
Райколов,Василий,Андреевич,психолог,медсестра
Гузьминова,Галина,Дмитриевна,психиатор,ассистент
Алимбарова,Анна,Федоровна,хирург,лечащий врач
Домосквин,Игорь,Тимофеевич,психолог,ассистент
Вырская,Софья,Олеговна,невролог,медсестра
Здобнов,Владислав,Тимофеевич,психолог,медсестра
Чеснаков,Михаил,Вадимович,хирург,ассистент
Обриваев,Артём,Михаилович,без специальности,врач
Шеманкова,Ксения,Михайловна,терапевт,ассистент
Кашкинов,Виктор,Леонидович,хирург,врач
Паныкина,Наталия,Алексеевна,психиатор,ассистент
Кирксов,Станислав,Алексеевич,невролог,медсестра
Башканова,Инна,Кирилловна,невролог,лечащий врач
Сомсиков,Илья,Виталиевич,психиатор,ассистент
Сечин,Пётр,Георгиевич,невролог,ассистент
Гудкин,Степан,Викторович,без специальности,врач
Алиямов,Тарас,Валериевич,хирург,врач
Баслеров,Альберт,Евгеньевич,психолог,медсестра
Осова,Алиса,Ивановна,психиатор,медсестра
Святынин,Роман,Павлович,психолог,медсестра
Пестин,Роман,Олегович,психолог,врач
Фруслова,Екатерина,Петровна,без специальности,ассистент
Троицина,София,Никитична,психиатор,медсестра
Перепелова,Екатерина,Валерьевна,хирург,лечащий врач
Пожадаев,Федор,Адамович,терапевт,лечащий врач
Ясашина,Яна,Эдуардовна,психолог,лечащий врач
Булисов,Вадим,Леонидович,терапевт,врач
Аканьшина,Валерия,Валерьевна,без специальности,лечащий врач
Альвинова,Ольга,Петровна,невролог,врач
Кадеников,Денис,Максимович,терапевт,медсестра
Латышкина,Виолетта,Валерьевна,хирург,медсестра
Мерздикина,Анна,Евгеньевна,психолог,врач
Батовкина,Елена,Сергеевна,терапевт,медсестра
Музлова,Раиса,Олеговна,психолог,ассистент
Маковицкая,Валентина,Николаевна,психолог,медсестра
Ширанова,Анна,Валерьевна,психиатор,врач
Матюгина,Валентина,Максимовна,психолог,медсестра
Аркаев,Вячеслав,Максимович,невролог,врач
Хазин,Игорь,Юрьевич,хирург,медсестра
Беляева,Софья,Василевна,без специальности,ассистент
Нионова,Анастасия,Романовна,психолог,ассистент
Разбакова,Любовь,Никитична,психолог,лечащий врач
Чатаева,Александра,Викторовна,терапевт,врач
Гушанский,Андрей,Антонович,хирург,врач
Поликухина,Ева,Алексеевна,без специальности,медсестра
Маличев,Вадим,Алексиевич,без специальности,медсестра
Пркофьев,Андрей,Валериевич,терапевт,медсестра
Базильский,Иван,Яковлевич,психиатор,ассистент
Родигин,Валентин,Андреевич,хирург,лечащий врач
Курндина,Маргарита,Богдановна,невролог,ассистент
Кибитина,Людмила,Максимовна,невролог,медсестра
Яволова,Софья,Ивановна,хирург,медсестра
Ганзин,Виталий,Юрьевич,терапевт,медсестра
Козлуков,Иван,Игоревич,невролог,медсестра
Желнин,Евгений,Олегович,невролог,врач
Мячиков,Владимир,Виталиевич,терапевт,медсестра
Утицких,Ирина,Яковлевна,психиатор,ассистент
Плютина,Марина,Алексеевна,без специальности,врач
Дмуховская,Елена,Кирилловна,хирург,ассистент
Номкова,Анна,Андреевна,без специальности,ассистент
Рахлова,Надежда,Ивановна,невролог,врач
Ляксина,Марина,Романовна,психолог,лечащий врач
Елединов,Руслан,Вадимович,терапевт,медсестра
Маменгаева,Клара,Кирилловна,без специальности,врач
Груцына,Анастасия,Борисовна,психолог,медсестра
Ковресьева,Вероника,Дмитриевна,хирург,ассистент
Окатьев,Пётр,Алексиевич,без специальности,врач
Печенников,Станислав,Леонидович,хирург,врач
Парфенов,Василий,Иванович,терапевт,ассистент
Рудомазина,Клавдия,Федоровна,хирург,ассистент
Шкордов,Валентин,Леонидович,без специальности,ассистент
Витчинина,Людмила,Алексеевна,невролог,врач
Татауров,Семён,Сергеевич,психолог,ассистент
Загараев,Леонид,Яковлевич,психиатор,медсестра
Зотчева,Надежда,Романовна,терапевт,ассистент
Люблинская,Виолетта,Леонидовна,хирург,врач
Оборкин,Илья,Вадимович,хирург,медсестра
Прохницкая,Кира,Богдановна,невролог,врач
Чинтулов,Леонид,Борисович,невролог,лечащий врач
Ючкова,Кристина,Дмитриевна,невролог,лечащий врач
Банецкий,Степан,Тимофеевич,психиатор,ассистент
Шватров,Валерий,Аркадиевич,хирург,лечащий врач
Денисов,Максим,Валериевич,хирург,лечащий врач
Окунева,София,Егоровна,психолог,ассистент
Настоев,Павел,Данилович,психиатор,врач
Измаилов,Вадим,Денисович,невролог,врач
Емашев,Эдуард,Андреевич,терапевт,врач
Колисецкий,Денис,Борисович,психиатор,врач
Донов,Артур,Сергеевич,хирург,медсестра
Клешкова,Софья,Аркадьевна,терапевт,ассистент
Рапиев,Владимир,Борисович,без специальности,лечащий врач
Тьков,Степан,Максимович,невролог,медсестра
Норовлева,Алиса,Олеговна,терапевт,врач
Наревская,Маргарита,Евгеньевна,невролог,лечащий врач
Карликова,Елизавета,Олеговна,без специальности,ассистент
Нарметова,Маргарита,Василевна,психолог,лечащий врач
Малтызова,Дарья,Егоровна,психолог,медсестра
Иметдинова,Марина,Дмитриевна,терапевт,ассистент
Парков,Никита,Василиевич,хирург,медсестра
Блазников,Альберт,Борисович,психиатор,ассистент
Алырщикова,Ксения,Евгеньевна,без специальности,медсестра
Сыромицкий,Герасим,Павлович,психиатор,ассистент
Долгарев,Вадим,Валериевич,хирург,врач
Солихова,София,Борисовна,психолог,ассистент
Грандина,Валентина,Ивановна,психолог,ассистент
Казагачева,Лариса,Вадимовна,психолог,врач
Боярищева,Екатерина,Леонидовна,невролог,лечащий врач
Горычева,Виолетта,Валерьевна,невролог,лечащий врач
Дебихин,Герасим,Игоревич,невролог,врач
Сибиренков,Руслан,Евгеньевич,невролог,лечащий врач
Кривушева,Надежда,Николаевна,невролог,лечащий врач
Саловетова,Надежда,Евгеньевна,терапевт,медсестра
Лапитская,Вероника,Михайловна,невролог,врач
Гузкова,Виктория,Кирилловна,психиатор,врач
Кулунков,Борис,Викторович,терапевт,врач
Фонкин,Евгений,Валериевич,хирург,ассистент
Чваркова,Тамара,Дмитриевна,терапевт,врач
Бухаев,Григорий,Тимофеевич,психиатор,врач
Рамзаева,Раиса,Ивановна,психиатор,медсестра
Супругова,Лиза,Вадимовна,терапевт,лечащий врач
Перетокин,Николай,Павлович,терапевт,ассистент
Станакин,Вячеслав,Николаевич,психолог,медсестра
Толмазова,Алина,Алексеевна,невролог,врач
Догилев,Константин,Виталиевич,терапевт,лечащий врач
Шендаков,Никита,Алексиевич,психолог,лечащий врач
Скоромкина,Кира,Алексеевна,невролог,врач
Гришенцова,Людмила,Леонидовна,психолог,ассистент
Спизовская,Валерия,Олеговна,без специальности,медсестра
Мамцова,Наталья,Никитична,невролог,лечащий врач
Кознышева,Алёна,Николаевна,психиатор,лечащий врач
Рейханов,Вячеслав,Михаилович,хирург,лечащий врач
Посадина,Евгения,Дмитриевна,хирург,медсестра
Бубородова,Клара,Леонидовна,психиатор,медсестра
Неприцкая,Алёна,Алексеевна,хирург,ассистент
Корпунцова,Ирина,Яковлевна,невролог,врач
Царапкина,Анна,Вадимовна,хирург,ассистент
Калчушкина,Полина,Игоревна,невролог,ассистент
Каверзиев,Леонид,Алексеевич,без специальности,лечащий врач
Семифанова,Яна,Петровна,терапевт,врач
Мусеев,Андрей,Игоревич,хирург,медсестра
Светаев,Эдуард,Иванович,психолог,медсестра
Бабарсков,Никита,Максимович,психиатор,врач
Легконогих,Илья,Юрьевич,психолог,врач
Шарапков,Виталий,Адамович,терапевт,медсестра
Бодрикова,Вероника,Егоровна,без специальности,медсестра
Гаргонова,Алена,Максимовна,без специальности,медсестра
Пичкасов,Борис,Виталиевич,терапевт,врач
Огрызков,Аркадий,Данилович,психолог,медсестра
Варычева,Надежда,Никитична,терапевт,лечащий врач
Бульбов,Леонид,Игоревич,без специальности,медсестра
Пудловский,Евгений,Яковлевич,невролог,врач
Лгалова,Елена,Сергеевна,хирург,медсестра
Ноздрупова,Светлана,Алексеевна,психиатор,врач
Тянников,Федор,Олегович,без специальности,ассистент
Армейская,Александра,Богдановна,терапевт,лечащий врач
Лаугина,Карина,Леонидовна,психиатор,врач
Таширова,Жанна,Игоревна,хирург,ассистент
Тайрова,Марина,Егоровна,психиатор,лечащий врач
Машьянов,Кирилл,Михаилович,невролог,врач
Васманова,Вероника,Кирилловна,без специальности,ассистент
Ужовский,Виктор,Петрович,терапевт,лечащий врач
Небольсин,Станислав,Тимофеевич,невролог,лечащий врач
Латовкин,Валентин,Максимович,невролог,медсестра
Бершанская,Жанна,Вадимовна,психолог,медсестра
Шананин,Игорь,Адамович,психиатор,врач
Успехова,Яна,Ивановна,психиатор,ассистент
Путов,Григорий,Фёдорович,хирург,врач
Ошмарин,Герасим,Максимович,без специальности,врач
Идиотулина,Ксения,Леонидовна,терапевт,врач
Ладанова,Елена,Андреевна,невролог,медсестра
Межина,Валентина,Алексеевна,хирург,ассистент
Ногова,Вера,Егоровна,хирург,лечащий врач
Иртегов,Анатолий,Евгеньевич,хирург,ассистент
Люкшин,Игорь,Сергеевич,терапевт,лечащий врач
Голобоков,Денис,Андреевич,невролог,лечащий врач
Гонзова,Валентина,Кирилловна,психиатор,медсестра
Фельшина,Алёна,Яковлевна,без специальности,лечащий врач
Маклашов,Юрий,Павлович,без специальности,медсестра
Строгина,Ольга,Аркадьевна,психолог,лечащий врач
Салажова,Людмила,Викторовна,хирург,врач
Семигорова,Карина,Яковлевна,хирург,лечащий врач
Голелев,Руслан,Иванович,психиатор,медсестра
Секерская,Вероника,Богдановна,терапевт,медсестра
Силякова,Инна,Алексеевна,терапевт,медсестра
Катчиев,Вадим,Андреевич,терапевт,медсестра
Довбашов,Антон,Аркадиевич,психиатор,медсестра
Душинкина,Раиса,Василевна,хирург,лечащий врач
Чатов,Иван,Романович,психолог,врач
Дубенцева,Лиза,Василевна,психиатор,врач
Ключанская,Светлана,Вадимовна,без специальности,лечащий врач
Сомнова,Кристина,Андреевна,хирург,медсестра
Абрахманов,Василий,Иванович,без специальности,врач
Вититнов,Тарас,Тимофеевич,хирург,лечащий врач
Сузиков,Леонид,Яковлевич,невролог,врач
Асавкина,Раиса,Борисовна,терапевт,врач
Дасковская,Оксана,Аркадьевна,хирург,медсестра
Росяева,Вера,Викторовна,без специальности,лечащий врач
Лилькова,Карина,Максимовна,терапевт,ассистент
Маринская,Александра,Дмитриевна,психиатор,лечащий врач
Запылаева,Алина,Ивановна,невролог,лечащий врач
Полуденова,Алёна,Вадимовна,невролог,ассистент
Жерядин,Тарас,Иванович,без специальности,лечащий врач
Кильдышев,Ярослав,Антонович,терапевт,лечащий врач
Такалова,Алина,Дмитриевна,невролог,лечащий врач
Саева,Ольга,Игоревна,психиатор,лечащий врач
Полехина,Елена,Евгеньевна,психиатор,ассистент
Акуратнов,Кирилл,Алексеевич,терапевт,врач
Зеберов,Анатолий,Алексеевич,психиатор,ассистент
Шимева,Надежда,Андреевна,без специальности,врач
Костыгина,Вера,Игоревна,хирург,лечащий врач
Курапин,Леонид,Сергеевич,невролог,лечащий врач
Теренин,Тарас,Сергеевич,психиатор,лечащий врач
Тутейкина,Дарья,Андреевна,психиатор,врач
Клюшанова,Валерия,Михайловна,без специальности,лечащий врач
Шваркова,Зинаида,Аркадьевна,психолог,медсестра
Борчанкин,Аркадий,Юриевич,хирург,медсестра
Молевская,Тамара,Максимовна,невролог,лечащий врач
Сорин,Павел,Иванович,без специальности,медсестра
Цирухина,Анастасия,Игоревна,психолог,ассистент
Бульбенков,Артём,Андреевич,психиатор,медсестра
Варечкин,Анатолий,Романович,психолог,ассистент
Лавтовин,Яков,Яковлевич,невролог,лечащий врач
Сутурин,Кирилл,Антонович,психиатор,медсестра
Андрюханов,Анатолий,Олегович,психолог,врач
Владовская,Лиза,Петровна,хирург,лечащий врач
Цыденов,Кирилл,Олегович,невролог,лечащий врач
Бурдычова,Клара,Алексеевна,хирург,лечащий врач
Кешишев,Руслан,Николаевич,невролог,лечащий врач
Цибарова,Екатерина,Николаевна,невролог,врач
Олинов,Евгений,Викторович,невролог,лечащий врач
Ламова,Алиса,Вадимовна,терапевт,ассистент
Каркачев,Пётр,Виталиевич,психолог,врач
Гудясов,Антон,Алексеевич,психолог,лечащий врач
Мазжорина,Надежда,Олеговна,невролог,лечащий врач
Нифаева,Ева,Богдановна,хирург,врач
Катимов,Андрей,Иванович,терапевт,врач
Куватова,Ирина,Леонидовна,невролог,медсестра
Кирбаева,Марина,Николаевна,без специальности,врач
Брятов,Евгений,Алексиевич,психиатор,лечащий врач
Лопасина,Алина,Андреевна,невролог,ассистент
Рагуткина,Кира,Николаевна,психолог,медсестра
Гробков,Максим,Георгиевич,психиатор,медсестра
Галегов,Валентин,Игоревич,психолог,врач
Зизичкина,Юлия,Эдуардовна,без специальности,ассистент
Хватынцев,Игорь,Викторович,невролог,врач
Лисеев,Григорий,Михаилович,психиатор,ассистент
Разнотова,София,Федоровна,психиатор,лечащий врач
Троханова,Ева,Леонидовна,хирург,лечащий врач
Ежонкова,Карина,Сергеевна,без специальности,лечащий врач
Чаунин,Борис,Адамович,психолог,врач
Маймаев,Пётр,Виталиевич,терапевт,ассистент
Юляева,Наталья,Никитична,без специальности,лечащий врач
Взнуздаева,Зинаида,Ивановна,терапевт,врач
Тенихина,Ксения,Андреевна,психиатор,медсестра
Даютов,Валерий,Михаилович,хирург,врач
Витвицкая,Галина,Леонидовна,терапевт,врач
Верятин,Георгий,Вадимович,хирург,врач
Овчинин,Антон,Алексеевич,хирург,медсестра
Шайхедова,Алена,Николаевна,психиатор,медсестра
Шугорова,Ольга,Леонидовна,психиатор,врач
Пильщикова,Алина,Петровна,терапевт,ассистент
Сыроваткин,Андрей,Данилович,психолог,врач
Идикова,Кира,Яковлевна,психолог,ассистент
Балшина,Инна,Михайловна,психолог,врач
Мякушкин,Валерий,Борисович,психолог,медсестра
Холмецкий,Тарас,Яковлевич,без специальности,врач
Уфтикова,Виктория,Олеговна,психиатор,ассистент
Ошеева,Александра,Олеговна,без специальности,ассистент
Жегусов,Тарас,Адамович,хирург,ассистент
Глускина,Марина,Игоревна,психиатор,ассистент
Чернасова,Наталия,Олеговна,терапевт,лечащий врач
Медакин,Антон,Николаевич,психиатор,ассистент
Ентова,Галина,Богдановна,психиатор,лечащий врач
Бриткова,Яна,Романовна,терапевт,медсестра
Абуткин,Андрей,Иванович,психолог,ассистент
Абаева,Надежда,Андреевна,хирург,ассистент
Тырин,Руслан,Георгиевич,без специальности,врач
Деминский,Виталий,Антонович,психиатор,лечащий врач
Эджумов,Альберт,Евгеньевич,без специальности,врач
Буфеев,Федор,Валериевич,невролог,врач
Пимичев,Виталий,Николаевич,терапевт,лечащий врач
Финкин,Александр,Кириллович,хирург,ассистент
Валягин,Антон,Адамович,психиатор,медсестра
Двухжилова,Дарья,Яковлевна,без специальности,ассистент
Соскова,Вера,Олеговна,психолог,врач
Пажина,Надежда,Николаевна,без специальности,медсестра
Гуденкова,Тамара,Валерьевна,хирург,лечащий врач
Викентьева,Кира,Борисовна,психиатор,лечащий врач
Байматов,Николай,Георгиевич,терапевт,ассистент
Соймонов,Виталий,Алексиевич,невролог,ассистент
Ролинская,Вероника,Максимовна,без специальности,ассистент
Варлагин,Кирилл,Игоревич,без специальности,лечащий врач
Розакова,Лариса,Кирилловна,хирург,лечащий врач
Гутнева,Карина,Леонидовна,психолог,врач
Ионникова,Мария,Евгеньевна,хирург,медсестра
Федунин,Евгений,Данилович,терапевт,врач
Зайкулин,Анатолий,Михаилович,невролог,ассистент
Бабушкин,Денис,Алексиевич,психиатор,лечащий врач
Труненкова,Карина,Кирилловна,терапевт,лечащий врач
Кячина,Любовь,Игоревна,без специальности,лечащий врач
Вартагова,Маргарита,Аркадьевна,хирург,медсестра
Шоферова,Александра,Вадимовна,хирург,ассистент
Еличкина,Евгения,Борисовна,психиатор,лечащий врач
Уголев,Вадим,Виталиевич,невролог,медсестра
Ретницкий,Игорь,Юрьевич,хирург,врач
Хихилев,Евгений,Иванович,хирург,ассистент
Бембинова,Надежда,Николаевна,терапевт,врач
Мужечкова,Вера,Михайловна,психолог,врач
Пусовалов,Владимир,Андреевич,терапевт,лечащий врач
Тетюшина,Алиса,Сергеевна,терапевт,ассистент
Замахаев,Владимир,Алексиевич,хирург,медсестра
Венерова,Ольга,Эдуардовна,психиатор,медсестра
Могильных,Маргарита,Петровна,терапевт,ассистент
Ведененков,Вадим,Игоревич,психолог,ассистент
Зыкунова,Лариса,Евгеньевна,психиатор,врач
Деменков,Павел,Аркадиевич,психиатор,врач
Пичуев,Владислав,Николаевич,психиатор,лечащий врач
Жулянов,Иван,Юриевич,невролог,медсестра
Кондаков,Юрий,Георгиевич,терапевт,лечащий врач
Наврозова,Мария,Николаевна,терапевт,врач
Мусовский,Геннадий,Валериевич,терапевт,лечащий врач
Аубакиров,Валентин,Тимофеевич,без специальности,ассистент
Сюсина,Лариса,Эдуардовна,хирург,лечащий врач
Митряшкин,Валерий,Кириллович,терапевт,ассистент
Кордов,Ярослав,Максимович,без специальности,медсестра
Коротонова,Инна,Михайловна,без специальности,медсестра
Сластихина,Ирина,Романовна,без специальности,врач
Чефарин,Кирилл,Антонович,психолог,врач
Муленков,Алексей,Алексеевич,хирург,лечащий врач
Чеплагин,Анатолий,Сергеевич,психолог,медсестра
Аминькаева,Алёна,Максимовна,психиатор,медсестра
Коканин,Никита,Вадимович,психиатор,лечащий врач
Шопхоева,Виктория,Андреевна,психиатор,ассистент
Чернизов,Вадим,Денисович,терапевт,врач
Жаров,Геннадий,Василиевич,без специальности,лечащий врач
Кривицкий,Алексей,Георгиевич,хирург,лечащий врач
Странцева,Мария,Кирилловна,без специальности,лечащий врач
